File Name,Relative Path
10 point action plan.pdf,ActionAid/10 point action plan.pdf
ActionAid Federation aggregated accounts 2020.pdf,ActionAid/ActionAid Federation aggregated accounts 2020.pdf
ActionAid Free Palestine Report 2021.pdf,ActionAid/ActionAid Free Palestine Report 2021.pdf
ActionAid International 2020 Fedration Report_Final.pdf,ActionAid/ActionAid International 2020 Fedration Report_Final.pdf
Education_vs_austerity_English_online_2.pdf,ActionAid/Education_vs_austerity_English_online_2.pdf
Ghana factsheet.pdf,ActionAid/Finaning the future/Ghana factsheet.pdf
Kenya factsheet.pdf,ActionAid/Finaning the future/Kenya factsheet.pdf
Malawi factsheet.pdf,ActionAid/Finaning the future/Malawi factsheet.pdf
Mozambique factsheet.pdf,ActionAid/Finaning the future/Mozambique factsheet.pdf
Nepal_factsheet_final May.pdf,ActionAid/Finaning the future/Nepal_factsheet_final May.pdf
Nigeria factsheet.pdf,ActionAid/Finaning the future/Nigeria factsheet.pdf
Private education and compliance online.pdf,ActionAid/Finaning the future/Private education and compliance online.pdf
Senegal_factsheet final May.pdf,ActionAid/Finaning the future/Senegal_factsheet final May.pdf
Tanzania factsheet.pdf,ActionAid/Finaning the future/Tanzania factsheet.pdf
Uganda factsheet.pdf,ActionAid/Finaning the future/Uganda factsheet.pdf
Zambia_factsheet.pdf,ActionAid/Finaning the future/Zambia_factsheet.pdf
PRS Framework_V2_2021.pdf,ActionAid/PRS Framework_V2_2021.pdf
annual_report_2021_online.pdf,ActionAid/annual_report_2021_online.pdf
final_tax_privatisation_leaflet_online_a3.pdf,ActionAid/final_tax_privatisation_leaflet_online_a3.pdf
2007-Alternative-Basic-Education-in-African-Countries-Emerging-From-Conflict.pdf,Africa Education Trust/2007-Alternative-Basic-Education-in-African-Countries-Emerging-From-Conflict.pdf
2009-Flexible-Approach-to-Basic-Education-with-Somali-Pastoralists.pdf,Africa Education Trust/2009-Flexible-Approach-to-Basic-Education-with-Somali-Pastoralists.pdf
2011-Empowering-Village-Education.pdf,Africa Education Trust/2011-Empowering-Village-Education.pdf
2011-Flexible-Approach-to-Basic-Education-Report.pdf,Africa Education Trust/2011-Flexible-Approach-to-Basic-Education-Report.pdf
2013-LABE-Mother-Tongue-Education-Report-Abridged.pdf,Africa Education Trust/2013-LABE-Mother-Tongue-Education-Report-Abridged.pdf
2013-LABE-Mother-Tongue-Education-Report.pdf,Africa Education Trust/2013-LABE-Mother-Tongue-Education-Report.pdf
2013-Somali-Pastoralist-Education-and-Training-2008-11.pdf,Africa Education Trust/2013-Somali-Pastoralist-Education-and-Training-2008-11.pdf
2014-Annual-Report-and-Accounts.pdf,Africa Education Trust/2014-Annual-Report-and-Accounts.pdf
2015-–-Annual-Report-and-Accounts.pdf,Africa Education Trust/2015-–-Annual-Report-and-Accounts.pdf
2016-–-Annual-Report-and-Accounts.pdf,Africa Education Trust/2016-–-Annual-Report-and-Accounts.pdf
2017-Annual-Report-and-Accounts.pdf,Africa Education Trust/2017-Annual-Report-and-Accounts.pdf
2018-Annual-Report-and-Accounts.pdf,Africa Education Trust/2018-Annual-Report-and-Accounts.pdf
AET-3662-In-from-the-margins_v8_PRNT.pdf,Africa Education Trust/AET-3662-In-from-the-margins_v8_PRNT.pdf
AET-3662-Summary_v4_PRNT.pdf,Africa Education Trust/AET-3662-Summary_v4_PRNT.pdf
Private education and compliance online.pdf,Africa Education Trust/Private education and compliance online.pdf
A-‘School-Report-of-14-Developing-Countries-in-Asia-Pacific-to-Investigate-their-Commitment-to-Basic-Education.pdf,Asia South Pacific Association for Basic and Adult Education (ASPBAE)/A-‘School-Report-of-14-Developing-Countries-in-Asia-Pacific-to-Investigate-their-Commitment-to-Basic-Education.pdf
Futures-of-Education-Report.pdf,Asia South Pacific Association for Basic and Adult Education (ASPBAE)/Futures-of-Education-Report.pdf
Gender-Equality-Education-A-Report-Card-on-South-Asia.pdf,Asia South Pacific Association for Basic and Adult Education (ASPBAE)/Gender-Equality-Education-A-Report-Card-on-South-Asia.pdf
ODA-for-Education-in-Asia-and-the-Pacific.pdf,Asia South Pacific Association for Basic and Adult Education (ASPBAE)/ODA-for-Education-in-Asia-and-the-Pacific.pdf
PPP-Primer-Gain-or-Drain-Understanding-PPPs-in-Education.pdf,Asia South Pacific Association for Basic and Adult Education (ASPBAE)/PPP-Primer-Gain-or-Drain-Understanding-PPPs-in-Education.pdf
Peace-Kit.pdf,Asia South Pacific Association for Basic and Adult Education (ASPBAE)/Peace-Kit.pdf
Quality-Adult-Education-Benchmarking-for-Womens-Education-and-Political-Participation.pdf,Asia South Pacific Association for Basic and Adult Education (ASPBAE)/Quality-Adult-Education-Benchmarking-for-Womens-Education-and-Political-Participation.pdf
Quality-Adult-Education-Benchmarks-for-Indigeneous-Education-September-2.docx.pdf,Asia South Pacific Association for Basic and Adult Education (ASPBAE)/Quality-Adult-Education-Benchmarks-for-Indigeneous-Education-September-2.docx.pdf
Research-Toolkit-on-Womens-Education-Literacy.pdf,Asia South Pacific Association for Basic and Adult Education (ASPBAE)/Research-Toolkit-on-Womens-Education-Literacy.pdf
The-Privatisation-Trap.pdf,Asia South Pacific Association for Basic and Adult Education (ASPBAE)/The-Privatisation-Trap.pdf
Assessment to Inform Instruction.pdf,Basic Education Coalition/Assessment to Inform Instruction.pdf
"Coaching in Early Grade Reading Programs_ Evidence, Experiences and Recommendations.pdf","Basic Education Coalition/Coaching in Early Grade Reading Programs_ Evidence, Experiences and Recommendations.pdf"
GRN Open Licensing of Primary Grade Reading Materials_0.pdf,Basic Education Coalition/GRN Open Licensing of Primary Grade Reading Materials_0.pdf
Literacy for All Toolkit_0.pdf,Basic Education Coalition/Literacy for All Toolkit_0.pdf
Towards the Design and Implementation of Comprehensive Primary Grade Literacy and Numeracy Programs (1).pdf,Basic Education Coalition/Towards the Design and Implementation of Comprehensive Primary Grade Literacy and Numeracy Programs (1).pdf
Towards the Design and Implementation of Comprehensive Primary Grade Literacy and Numeracy Programs.pdf,Basic Education Coalition/Towards the Design and Implementation of Comprehensive Primary Grade Literacy and Numeracy Programs.pdf
21_MYRP_BANGLADESH_Programme Document_20211210.pdf,Education Cannot Wait/21_MYRP_BANGLADESH_Programme Document_20211210.pdf
21_MYRP_BURUNDI_Programme Document_20211211.pdf,Education Cannot Wait/21_MYRP_BURUNDI_Programme Document_20211211.pdf
21_MYRP_LEBANON_Programme Document_20211211.pdf,Education Cannot Wait/21_MYRP_LEBANON_Programme Document_20211211.pdf
21_MYRP_LIBYA_Programme Document_20211201.pdf,Education Cannot Wait/21_MYRP_LIBYA_Programme Document_20211201.pdf
21_MYRP_PAKISTAN_Programme Document_20211213.pdf,Education Cannot Wait/21_MYRP_PAKISTAN_Programme Document_20211213.pdf
21_MYRP_SUDAN_Programme Document_20211213 (1).pdf,Education Cannot Wait/21_MYRP_SUDAN_Programme Document_20211213 (1).pdf
21_MYRP_SUDAN_Programme Document_20211213.pdf,Education Cannot Wait/21_MYRP_SUDAN_Programme Document_20211213.pdf
220915_ewr1009_case_for_investment_print3_1_1.pdf,Education Cannot Wait/220915_ewr1009_case_for_investment_print3_1_1.pdf
Evaluation of the ECW multi-year resilience programmme (MYRP) funding modality. December 2021 (1) (1).pdf,Education Cannot Wait/Evaluation of the ECW multi-year resilience programmme (MYRP) funding modality. December 2021 (1) (1).pdf
Evaluation of the ECW multi-year resilience programmme (MYRP) funding modality. December 2021 (1).pdf,Education Cannot Wait/Evaluation of the ECW multi-year resilience programmme (MYRP) funding modality. December 2021 (1).pdf
doc_campagna_cge-eng-preview-singole.pdf,Education Cannot Wait/doc_campagna_cge-eng-preview-singole.pdf
ecw-annual-report-2021.pdf,Education Cannot Wait/ecw-annual-report-2021.pdf
ecw-executive-summary-2021-english.pdf,Education Cannot Wait/ecw-executive-summary-2021-english.pdf
ecw_222million_study_advocacypaper.pdf,Education Cannot Wait/ecw_222million_study_advocacypaper.pdf
ecw_globalestimatesstudy_june2022 (1).pdf,Education Cannot Wait/ecw_globalestimatesstudy_june2022 (1).pdf
ecw_globalestimatesstudy_june2022.pdf,Education Cannot Wait/ecw_globalestimatesstudy_june2022.pdf
ecw_policy_and_accountability_framework_on_disability_inclusion_1.pdf,Education Cannot Wait/ecw_policy_and_accountability_framework_on_disability_inclusion_1.pdf
ecwempowerher.pdf,Education Cannot Wait/ecwempowerher.pdf
educationunderattack_2022.pdf,Education Cannot Wait/educationunderattack_2022.pdf
eie_learning_and_advocacy_brief_v3_1.pdf,Education Cannot Wait/eie_learning_and_advocacy_brief_v3_1.pdf
embargoed_29.06.2022_stl_essay_collection_english.pdf,Education Cannot Wait/embargoed_29.06.2022_stl_essay_collection_english.pdf
f_ecw1016_strategic_report.pdf,Education Cannot Wait/f_ecw1016_strategic_report.pdf
ggheie-financing-in-the-wake-of-covid-19-v1.1-lowres (1).pdf,Education Cannot Wait/ggheie-financing-in-the-wake-of-covid-19-v1.1-lowres (1).pdf
ggheie-financing-in-the-wake-of-covid-19-v1.1-lowres.pdf,Education Cannot Wait/ggheie-financing-in-the-wake-of-covid-19-v1.1-lowres.pdf
guidate_note_on_ecw_targeting_approach_for_girls.pdf,Education Cannot Wait/guidate_note_on_ecw_targeting_approach_for_girls.pdf
usg-ecw-case-for-investment.pdf,Education Cannot Wait/usg-ecw-case-for-investment.pdf
visibility-guidance-note_dec2021_.pdf,Education Cannot Wait/visibility-guidance-note_dec2021_.pdf
BuildingGlobalDataLiteracy.pdf,Education Development Center/BuildingGlobalDataLiteracy.pdf
2018_EIResearch_Disability_SneakPreview_Final_EN.pdf,Education International/2018_EIResearch_Disability_SneakPreview_Final_EN.pdf
2019_EIResearch_TVET.pdf,Education International/2019_EIResearch_TVET.pdf
2019_EI_GR_Essay_Pearson2025_ENG_24pages.pdf,Education International/2019_EI_GR_Essay_Pearson2025_ENG_24pages.pdf
2019_EI_GR_Greece_ResearchSummary_ENG.pdf,Education International/2019_EI_GR_Greece_ResearchSummary_ENG.pdf
2019_EI_GR_Research-Pacific.pdf,Education International/2019_EI_GR_Research-Pacific.pdf
2019_EI_Research_Constructing_Teachers_Professional_Identities_singlePages.pdf,Education International/2019_EI_Research_Constructing_Teachers_Professional_Identities_singlePages.pdf
2019_EI_Research_GR_BIA_corr.pdf,Education International/2019_EI_Research_GR_BIA_corr.pdf
2019_EI_Research_Philanthropy_Privatisation_final.pdf,Education International/2019_EI_Research_Philanthropy_Privatisation_final.pdf
2019_EI_The_Future_of_The_Teaching_Profession_ENG_New2019.pdf,Education International/2019_EI_The_Future_of_The_Teaching_Profession_ENG_New2019.pdf
2020_Covid19_Survey_Report_ENG_Final.pdf,Education International/2020_Covid19_Survey_Report_ENG_Final.pdf
2020_EIResearchAP_UnionRenewal_ENG_final.pdf,Education International/2020_EIResearchAP_UnionRenewal_ENG_final.pdf
2020_EIResearch_GR_Summary_Commercialisation_privatisation_Covid19_ENG.pdf,Education International/2020_EIResearch_GR_Summary_Commercialisation_privatisation_Covid19_ENG.pdf
2020_EI_ActionAid_Research_LightWorld_BedrockInclusion.pdf,Education International/2020_EI_ActionAid_Research_LightWorld_BedrockInclusion.pdf
2020_EI_Research_ChildLabour_ENG.pdf,Education International/2020_EI_Research_ChildLabour_ENG.pdf
2020_EI_Research_TeachingWithTech_ENG.pdf,Education International/2020_EI_Research_TeachingWithTech_ENG.pdf
2021_EIResearch_GR_Covid19_Commercialisation_digitalisation_ENG.pdf,Education International/2021_EIResearch_GR_Covid19_Commercialisation_digitalisation_ENG.pdf
2021_EI_Research_StatusOfTeachers_ENG_FINAL (1).pdf,Education International/2021_EI_Research_StatusOfTeachers_ENG_FINAL (1).pdf
2021_EI_Research_StatusOfTeachers_ENG_FINAL.pdf,Education International/2021_EI_Research_StatusOfTeachers_ENG_FINAL.pdf
2021_PolicyBrief_EducationForLifeProject_EN.pdf,Education International/2021_PolicyBrief_EducationForLifeProject_EN.pdf
2022_EIResearch_JustTransition_ENG.pdf,Education International/2022_EIResearch_JustTransition_ENG.pdf
2022_EIResearch_JustTransition_Summary_ENG.pdf,Education International/2022_EIResearch_JustTransition_Summary_ENG.pdf
2022_EIResearch_PrivatisationCarribean_final.pdf,Education International/2022_EIResearch_PrivatisationCarribean_final.pdf
2022_EIResearch_Teacher-Led_Framework_ENG_final.pdf,Education International/2022_EIResearch_Teacher-Led_Framework_ENG_final.pdf
2022_EIResearch_Teacher-Led_Litterature_ENG_v2.pdf,Education International/2022_EIResearch_Teacher-Led_Litterature_ENG_v2.pdf
2022_EIResearch_WageBills_v3.pdf,Education International/2022_EIResearch_WageBills_v3.pdf
2022_Research_Climate_NDC_Oct2022_ENG.pdf,Education International/2022_Research_Climate_NDC_Oct2022_ENG.pdf
Debate sobre la privatizacion ENGLISH (digital).pdf,Education International/Debate sobre la privatizacion ENGLISH (digital).pdf
Education and copyright in the digital age.pdf,Education International/Education and copyright in the digital age.pdf
Ethiopia study_The bedrock of inclusion.pdf,Education International/Ethiopia study_The bedrock of inclusion.pdf
Malawi study_The bedrock of inclusion.pdf,Education International/Malawi study_The bedrock of inclusion.pdf
Morocco_EN_Summary.pdf,Education International/Morocco_EN_Summary.pdf
Mozambique study_The bedrock of inclusion (Português).pdf,Education International/Mozambique study_The bedrock of inclusion (Português).pdf
Mozambique study_The bedrock of inclusion.pdf,Education International/Mozambique study_The bedrock of inclusion.pdf
NDC Analysis Key Findings MENA.pdf,Education International/NDC Analysis Key Findings MENA.pdf
Nigeria_study_The bedrock of inclusion.pdf,Education International/Nigeria_study_The bedrock of inclusion.pdf
Off Track- educators assess SDG 4 progress.pdf,Education International/Off Track- educators assess SDG 4 progress.pdf
Research_ESP_Final Report.pdf,Education International/Research_ESP_Final Report.pdf
Rethinking Disability - A Primer for Educators.pdf,Education International/Rethinking Disability - A Primer for Educators.pdf
Teacher professional development and curriculum Enhancing teacher professionalism in Africa.pdf,Education International/Teacher professional development and curriculum Enhancing teacher professionalism in Africa.pdf
Teachers Have Their Say_EN.pdf,Education International/Teachers Have Their Say_EN.pdf
The Public vs Austerity - final full report.pdf,Education International/The Public vs Austerity - final full report.pdf
Toolkit.EN interactif.pdf,Education International/Toolkit.EN interactif.pdf
Unconfirmed 300663.crdownload.pdf,Education International/Unconfirmed 300663.crdownload.pdf
Conflict_Violence_And_Peace.pdf,Global Citizenship Education Fund/Conflict_Violence_And_Peace.pdf
FRC_Pedagogical_Guidebook_Abstract_Morocco.pdf,Global Citizenship Education Fund/FRC_Pedagogical_Guidebook_Abstract_Morocco.pdf
pedagogical-guide-of-tunisia-french.pdf,Global Citizenship Education Fund/pedagogical-guide-of-tunisia-french.pdf
1.pdf,Global Partnership/1.pdf
2.pdf,Global Partnership/2.pdf
3.pdf,Global Partnership/3.pdf
Unpacking Sustainable Development Goal 4_ Education 2030_ guide_ 2017.pdf,Global Partnership/Unpacking Sustainable Development Goal 4_ Education 2030_ guide_ 2017.pdf
cso2englishnewsletter.pdf,Global Partnership/cso2englishnewsletter.pdf
debt-alleviation-mechanisms--education-financing-toolkit.pdf,Global Partnership/debt-alleviation-mechanisms--education-financing-toolkit.pdf
debt-comparative-paper-final.pdf,Global Partnership/debt-comparative-paper-final.pdf
debt-relief-and-education-financing-background-paper (1).pdf,Global Partnership/debt-relief-and-education-financing-background-paper (1).pdf
debt-relief-and-education-financing-background-paper.pdf,Global Partnership/debt-relief-and-education-financing-background-paper.pdf
edtechreportfinalisedweb.pdf,Global Partnership/edtechreportfinalisedweb.pdf
gce-2019-2022-strategic-plan.pdf,Global Partnership/gce-2019-2022-strategic-plan.pdf
gce-discussion-paper-post-2015-english.pdf,Global Partnership/gce-discussion-paper-post-2015-english.pdf
gce-mother-tongueen.pdf,Global Partnership/gce-mother-tongueen.pdf
gce-report-youth-and-student-organising2022.pdf,Global Partnership/gce-report-youth-and-student-organising2022.pdf
gce-spotlight-report-07-07-19.pdf,Global Partnership/gce-spotlight-report-07-07-19.pdf
gceeducationaidwatch2013.pdf,Global Partnership/gceeducationaidwatch2013.pdf
gcehandbookenfinal.pdf,Global Partnership/gcehandbookenfinal.pdf
gceimpactreport.pdf,Global Partnership/gceimpactreport.pdf
gcesubmissioncedaw2014.pdf,Global Partnership/gcesubmissioncedaw2014.pdf
genderresponsiveanddisabilityinclusiveeducationbudgetingfinal.pdf,Global Partnership/genderresponsiveanddisabilityinclusiveeducationbudgetingfinal.pdf
global-campaign-for-education-global-report-2018.pdf,Global Partnership/global-campaign-for-education-global-report-2018.pdf
global-ys-caucus-report-2022-docx.pdf,Global Partnership/global-ys-caucus-report-2022-docx.pdf
gsw-backgroundinfo-oct-2014.pdf,Global Partnership/gsw-backgroundinfo-oct-2014.pdf
hlpf-gce-side-event-the-new-normaility-in-the-broken-world.pdf,Global Partnership/hlpf-gce-side-event-the-new-normaility-in-the-broken-world.pdf
how-africa-can-lead-on-education-in-a-post-covid-19-world-report.pdf,Global Partnership/how-africa-can-lead-on-education-in-a-post-covid-19-world-report.pdf
osf-casestudies-parallel-reporting-english.pdf,Global Partnership/osf-casestudies-parallel-reporting-english.pdf
osf-human-rights-mechanisms-english.pdf,Global Partnership/osf-human-rights-mechanisms-english.pdf
osf-privatisation-methodology-en.pdf,Global Partnership/osf-privatisation-methodology-en.pdf
osf-privatisation-methodology-english.pdf,Global Partnership/osf-privatisation-methodology-english.pdf
policy-briefing-education-financing-laws-190320-1.pdf,Global Partnership/policy-briefing-education-financing-laws-190320-1.pdf
research-for-advocacy-learning-exchange-brief.pdf,Global Partnership/research-for-advocacy-learning-exchange-brief.pdf
sdg4.pdf,Global Partnership/sdg4.pdf
strategy-for-capacity-development-partnership-and-methods-that-support-the-2030-agenda-for-sustainable-development.pdf,Global Partnership/strategy-for-capacity-development-partnership-and-methods-that-support-the-2030-agenda-for-sustainable-development.pdf
transformative-education-meanings-and-policy-implications.pdf,Global Partnership/transformative-education-meanings-and-policy-implications.pdf
20220412-arr2021 (1).pdf,Green Climate Fund/20220412-arr2021 (1).pdf
20220412-arr2021.pdf,Green Climate Fund/20220412-arr2021.pdf
20220907-gcfinbrief-readiness-outcomes-final.pdf,Green Climate Fund/20220907-gcfinbrief-readiness-outcomes-final.pdf
20221026-financing-climate-action (1).pdf,Green Climate Fund/20221026-financing-climate-action (1).pdf
20221026-financing-climate-action.pdf,Green Climate Fund/20221026-financing-climate-action.pdf
20221102-gcfinbrief-adaptation-planning.pdf,Green Climate Fund/20221102-gcfinbrief-adaptation-planning.pdf
20221109-egypt-s-climate-investment-plan-brochure.pdf,Green Climate Fund/20221109-egypt-s-climate-investment-plan-brochure.pdf
acgf-case-study.pdf,Green Climate Fund/acgf-case-study.pdf
draft-results-handbook.pdf,Green Climate Fund/draft-results-handbook.pdf
gcf-appraisal-guidance-annexes.pdf,Green Climate Fund/gcf-appraisal-guidance-annexes.pdf
gcf-climate-information-early-warning-systems-sectoral-guide-consultation-version-1.pdf,Green Climate Fund/gcf-climate-information-early-warning-systems-sectoral-guide-consultation-version-1.pdf
gcf-ecosystems-and-ecosystem-services-sectoral-guide-consultation-version-1_0.pdf,Green Climate Fund/gcf-ecosystems-and-ecosystem-services-sectoral-guide-consultation-version-1_0.pdf
gcf-energy-access-power-generation-sectoral-guide-consultation-version-1.pdf,Green Climate Fund/gcf-energy-access-power-generation-sectoral-guide-consultation-version-1.pdf
gcf-energy-efficiency-sectoral-guide-consultation-version-1.pdf,Green Climate Fund/gcf-energy-efficiency-sectoral-guide-consultation-version-1.pdf
gcf-forests-and-land-use-sectoral-guide-consultation-version-1_0.pdf,Green Climate Fund/gcf-forests-and-land-use-sectoral-guide-consultation-version-1_0.pdf
gcf-handbook-march2022.pdf,Green Climate Fund/gcf-handbook-march2022.pdf
gcf-health-wellbeing-sectoral-guide-consultation-version-1.pdf,Green Climate Fund/gcf-health-wellbeing-sectoral-guide-consultation-version-1.pdf
gcf-low-emission-transport-sectoral-guide-consultation-version-1.pdf,Green Climate Fund/gcf-low-emission-transport-sectoral-guide-consultation-version-1.pdf
gcf-means-business_0.pdf,Green Climate Fund/gcf-means-business_0.pdf
gcf-programming-manual.pdf,Green Climate Fund/gcf-programming-manual.pdf
gcf-water-security-sectoral-guide-consultation-version-1.pdf,Green Climate Fund/gcf-water-security-sectoral-guide-consultation-version-1.pdf
ggw-thematic-brief-0.pdf,Green Climate Fund/ggw-thematic-brief-0.pdf
sectoral-guides-summaries-dec-2022.pdf,Green Climate Fund/sectoral-guides-summaries-dec-2022.pdf
sncf-case-study.pdf,Green Climate Fund/sncf-case-study.pdf
Access-for-quality-of-teaching…-by-Alwis-K.A.C.-Dhanapala-T.D.T.L.-ICEVI-World-Conference-12-July-2006.doc,ICEVI/EXPANDING EDUCATIONAL OPPORTUNITIES/Access-for-quality-of-teaching…-by-Alwis-K.A.C.-Dhanapala-T.D.T.L.-ICEVI-World-Conference-12-July-2006.doc
Achieving-equality-in-education-for-persons-with-disabilities…-by-Stephen-M.-Nzoka-–-ICEVI-World-Conference-12-July-2006.doc,ICEVI/EXPANDING EDUCATIONAL OPPORTUNITIES/Achieving-equality-in-education-for-persons-with-disabilities…-by-Stephen-M.-Nzoka-–-ICEVI-World-Conference-12-July-2006.doc
Attitudes-and-policies-in-achieving-equality-in-access…-by-Rosebeth-kaburia-–-ICEVI-World-Conference-12-July-2006.doc,ICEVI/EXPANDING EDUCATIONAL OPPORTUNITIES/Attitudes-and-policies-in-achieving-equality-in-access…-by-Rosebeth-kaburia-–-ICEVI-World-Conference-12-July-2006.doc
Awareness-Creation-and-Advocacy-in-Education…-by-SungDuck-Cho-WBU-ICEVI-Joint-Assembly-August-2016.doc,ICEVI/EXPANDING EDUCATIONAL OPPORTUNITIES/Awareness-Creation-and-Advocacy-in-Education…-by-SungDuck-Cho-WBU-ICEVI-Joint-Assembly-August-2016.doc
Barriers-Faced-by-Students-with-Vision-Impairment…-by-Muna-Alhammadi-WBU-ICEVI-Joint-Assembly-August-2016.doc,ICEVI/EXPANDING EDUCATIONAL OPPORTUNITIES/Barriers-Faced-by-Students-with-Vision-Impairment…-by-Muna-Alhammadi-WBU-ICEVI-Joint-Assembly-August-2016.doc
Counting-on-Technology-Critical-Solutions-for-Education…-by-Stacy-C.-Rowe-The-Educator-January-2014.doc,ICEVI/EXPANDING EDUCATIONAL OPPORTUNITIES/Counting-on-Technology-Critical-Solutions-for-Education…-by-Stacy-C.-Rowe-The-Educator-January-2014.doc
Creating-Employability-in-Education…-by-Alam-Jahangir-Md.-–-ICEVI-World-Conference-12-July-2006.doc,ICEVI/EXPANDING EDUCATIONAL OPPORTUNITIES/Creating-Employability-in-Education…-by-Alam-Jahangir-Md.-–-ICEVI-World-Conference-12-July-2006.doc
Education-for-Children-Who-are-Visually-Impaired-in-the-Netherlands-by-Annelies-Buurmeijer-The-Educator-January-2014.doc,ICEVI/EXPANDING EDUCATIONAL OPPORTUNITIES/Education-for-Children-Who-are-Visually-Impaired-in-the-Netherlands-by-Annelies-Buurmeijer-The-Educator-January-2014.doc
Educational-Experiences-The-Academic-Success-of-Students…-by-K.A.C.-Alwis-WBU-ICEVI-Joint-Assembly-August-2016.doc,ICEVI/EXPANDING EDUCATIONAL OPPORTUNITIES/Educational-Experiences-The-Academic-Success-of-Students…-by-K.A.C.-Alwis-WBU-ICEVI-Joint-Assembly-August-2016.doc
Encouraging-the-transition-into-adulthood…-by-Matthews-Clive-ICEVI-World-Conference-12-July-2006.doc,ICEVI/EXPANDING EDUCATIONAL OPPORTUNITIES/Encouraging-the-transition-into-adulthood…-by-Matthews-Clive-ICEVI-World-Conference-12-July-2006.doc
Experiences-of-Special-Needs-Students…-by-Celene-Gyles-Tashara-Young-WBU-ICEVI-Joint-Assembly-August-2016.doc,ICEVI/EXPANDING EDUCATIONAL OPPORTUNITIES/Experiences-of-Special-Needs-Students…-by-Celene-Gyles-Tashara-Young-WBU-ICEVI-Joint-Assembly-August-2016.doc
Fiji-Society-for-the-Blind-by-Lil-Deverell-ICEVI-World-Conference-12-July-2006 (1).doc,ICEVI/EXPANDING EDUCATIONAL OPPORTUNITIES/Fiji-Society-for-the-Blind-by-Lil-Deverell-ICEVI-World-Conference-12-July-2006 (1).doc
Fiji-Society-for-the-Blind-by-Lil-Deverell-ICEVI-World-Conference-12-July-2006.doc,ICEVI/EXPANDING EDUCATIONAL OPPORTUNITIES/Fiji-Society-for-the-Blind-by-Lil-Deverell-ICEVI-World-Conference-12-July-2006.doc
Higher-Education-and-Person-with-Visual-Impairment-by-Yogendra-Pandey-WBU-ICEVI-Joint-Assembly-August-2016.doc,ICEVI/EXPANDING EDUCATIONAL OPPORTUNITIES/Higher-Education-and-Person-with-Visual-Impairment-by-Yogendra-Pandey-WBU-ICEVI-Joint-Assembly-August-2016.doc
How-secondary-mathematics-teachers-adapt-their-practices…-by-Nathalie-Lewi-Dumont-et.al-–-WBU-ICEVI-Joint-Assembly-August-2016.doc,ICEVI/EXPANDING EDUCATIONAL OPPORTUNITIES/How-secondary-mathematics-teachers-adapt-their-practices…-by-Nathalie-Lewi-Dumont-et.al-–-WBU-ICEVI-Joint-Assembly-August-2016.doc
Importance-of-Community-Participation…-by-Kinnari-Desai-–-ICEVI-World-Conference-12-July-2006.doc,ICEVI/EXPANDING EDUCATIONAL OPPORTUNITIES/Importance-of-Community-Participation…-by-Kinnari-Desai-–-ICEVI-World-Conference-12-July-2006.doc
Inclusion-of-students-with-visual-impairment...-by-Humara-Bano-WBU-ICEVI-Joint-Assembly-August-2016 (1).doc,ICEVI/EXPANDING EDUCATIONAL OPPORTUNITIES/Inclusion-of-students-with-visual-impairment...-by-Humara-Bano-WBU-ICEVI-Joint-Assembly-August-2016 (1).doc
Inclusion-of-students-with-visual-impairment...-by-Humara-Bano-WBU-ICEVI-Joint-Assembly-August-2016.doc,ICEVI/EXPANDING EDUCATIONAL OPPORTUNITIES/Inclusion-of-students-with-visual-impairment...-by-Humara-Bano-WBU-ICEVI-Joint-Assembly-August-2016.doc
Innovations-in-Teaching-History-at-Primary-Level-by-Ruma-Chatterjee-ICEVI-World-Conference-12-July-2006.doc,ICEVI/EXPANDING EDUCATIONAL OPPORTUNITIES/Innovations-in-Teaching-History-at-Primary-Level-by-Ruma-Chatterjee-ICEVI-World-Conference-12-July-2006.doc
Is-it-Funny-Developing-Humor-in-Students…-by-Alana-Zambone-et.al_.-ICEVI-World-Conference-12-July-2006.doc,ICEVI/EXPANDING EDUCATIONAL OPPORTUNITIES/Is-it-Funny-Developing-Humor-in-Students…-by-Alana-Zambone-et.al_.-ICEVI-World-Conference-12-July-2006.doc
Is-it-Funny-Developing-Humor-in-Students…-by-Pat-Kelley-et.al_..-ICEVI-World-Conference-12-July-2006.doc,ICEVI/EXPANDING EDUCATIONAL OPPORTUNITIES/Is-it-Funny-Developing-Humor-in-Students…-by-Pat-Kelley-et.al_..-ICEVI-World-Conference-12-July-2006.doc
Latin-American-Permanent-Survey-…-by-Osvaldo-Bertone-Graciela-Ferioli-et.al-The-Educator-January-2014.doc,ICEVI/EXPANDING EDUCATIONAL OPPORTUNITIES/Latin-American-Permanent-Survey-…-by-Osvaldo-Bertone-Graciela-Ferioli-et.al-The-Educator-January-2014.doc
Learning-Spatial-Pattern-recognition…-by-Nagata-Shojiro-Thamburaj-Robinson-–-ICEVI-World-Conference-12-July-2006.doc,ICEVI/EXPANDING EDUCATIONAL OPPORTUNITIES/Learning-Spatial-Pattern-recognition…-by-Nagata-Shojiro-Thamburaj-Robinson-–-ICEVI-World-Conference-12-July-2006.doc
Learning-from-one-another-tools-and-ideas…-by-Boguslaw-Marek-ICEVI-World-Conference-12-July-2006.doc,ICEVI/EXPANDING EDUCATIONAL OPPORTUNITIES/Learning-from-one-another-tools-and-ideas…-by-Boguslaw-Marek-ICEVI-World-Conference-12-July-2006.doc
Learning-of-Science-by-Visually-Impaired-Children-by-Rumesh-Chander-–-ICEVI-World-Conference-12-July-2006.doc,ICEVI/EXPANDING EDUCATIONAL OPPORTUNITIES/Learning-of-Science-by-Visually-Impaired-Children-by-Rumesh-Chander-–-ICEVI-World-Conference-12-July-2006.doc
Legal-Capacity-CRPD-in-Indian-Perspective-by-Pallavi-Kadam-WBU-ICEVI-Joint-Assembly-August-2016 (1).doc,ICEVI/EXPANDING EDUCATIONAL OPPORTUNITIES/Legal-Capacity-CRPD-in-Indian-Perspective-by-Pallavi-Kadam-WBU-ICEVI-Joint-Assembly-August-2016 (1).doc
Legal-Capacity-CRPD-in-Indian-Perspective-by-Pallavi-Kadam-WBU-ICEVI-Joint-Assembly-August-2016.doc,ICEVI/EXPANDING EDUCATIONAL OPPORTUNITIES/Legal-Capacity-CRPD-in-Indian-Perspective-by-Pallavi-Kadam-WBU-ICEVI-Joint-Assembly-August-2016.doc
Legislation-and-disability-rights-in-education…-by-Yolanda-S.-Quijano-–-ICEVI-World-Conference-12-July-2006.doc,ICEVI/EXPANDING EDUCATIONAL OPPORTUNITIES/Legislation-and-disability-rights-in-education…-by-Yolanda-S.-Quijano-–-ICEVI-World-Conference-12-July-2006.doc
Madagascar-–-Achieving-Equality-in-Education-by-Niry-Martin-–-ICEVI-World-Conference-12-July-2006.doc,ICEVI/EXPANDING EDUCATIONAL OPPORTUNITIES/Madagascar-–-Achieving-Equality-in-Education-by-Niry-Martin-–-ICEVI-World-Conference-12-July-2006.doc
Making-Education-Accessible-–-the-Case-of-Legal-Challenge…-by-Yael-Weisz-Rind-Guila-Seidel-WBU-ICEVI-Joint-Assembly-August-2016.doc,ICEVI/EXPANDING EDUCATIONAL OPPORTUNITIES/Making-Education-Accessible-–-the-Case-of-Legal-Challenge…-by-Yael-Weisz-Rind-Guila-Seidel-WBU-ICEVI-Joint-Assembly-August-2016.doc
Mathematics-for-children-with-Visual-Impairment-by-G.R.Ramesh-–-ICEVI-World-Conference-12-July-2006.doc,ICEVI/EXPANDING EDUCATIONAL OPPORTUNITIES/Mathematics-for-children-with-Visual-Impairment-by-G.R.Ramesh-–-ICEVI-World-Conference-12-July-2006.doc
Method-in-teaching-math-to-the-visually-impaired-students-by-Akiyoshi-Takamura-ICEVI-World-Conference-12-July-2006.doc,ICEVI/EXPANDING EDUCATIONAL OPPORTUNITIES/Method-in-teaching-math-to-the-visually-impaired-students-by-Akiyoshi-Takamura-ICEVI-World-Conference-12-July-2006.doc
Overview-of-the-Current-Status-in-Education-of-Blind...-by-Ana-Isabel-Ruiz-López-The-Educator-January-2014.doc,ICEVI/EXPANDING EDUCATIONAL OPPORTUNITIES/Overview-of-the-Current-Status-in-Education-of-Blind...-by-Ana-Isabel-Ruiz-López-The-Educator-January-2014.doc
Overview-of-the-education-of-persons-with-visual-impairment-in-Argentina-by-Delia-Góngora-Gabriela-S.-Rusell-–-The-Educator-January-2014.doc,ICEVI/EXPANDING EDUCATIONAL OPPORTUNITIES/Overview-of-the-education-of-persons-with-visual-impairment-in-Argentina-by-Delia-Góngora-Gabriela-S.-Rusell-–-The-Educator-January-2014.doc
Partially-sighted-students-in-regular-schools…-by-Cornelis-W.-Breurkens-ICEVI-World-Conference-12-July-2006.doc,ICEVI/EXPANDING EDUCATIONAL OPPORTUNITIES/Partially-sighted-students-in-regular-schools…-by-Cornelis-W.-Breurkens-ICEVI-World-Conference-12-July-2006.doc
Per-Linguas-Mundi-ad-Laborem…-by-Boguslaw-Marek-–-ICEVI-World-Conference-12-July-2006.doc,ICEVI/EXPANDING EDUCATIONAL OPPORTUNITIES/Per-Linguas-Mundi-ad-Laborem…-by-Boguslaw-Marek-–-ICEVI-World-Conference-12-July-2006.doc
Rebuilding-Educational-System-in-Countries-Affected-by-War…-by-Pushpa-Raj-Sapkota-–-ICEVI-World-Conference-12-July-2006.doc,ICEVI/EXPANDING EDUCATIONAL OPPORTUNITIES/Rebuilding-Educational-System-in-Countries-Affected-by-War…-by-Pushpa-Raj-Sapkota-–-ICEVI-World-Conference-12-July-2006.doc
Reflections-from-the-President-of-Perkins-by-Steven-M.-Rothstein-The-Educator-January-2014.doc,ICEVI/EXPANDING EDUCATIONAL OPPORTUNITIES/Reflections-from-the-President-of-Perkins-by-Steven-M.-Rothstein-The-Educator-January-2014.doc
Reforming-of-National-Curriculum-Standards…-by-Hiroshi-Katoh-–-ICEVI-World-Conference-12-July-2006.doc,ICEVI/EXPANDING EDUCATIONAL OPPORTUNITIES/Reforming-of-National-Curriculum-Standards…-by-Hiroshi-Katoh-–-ICEVI-World-Conference-12-July-2006.doc
Sarajevo-a-chronicle-of-reconstruction-by-Concepció-Valls-Alsedà-–-ICEVI-World-Conference-12-July-2006.doc,ICEVI/EXPANDING EDUCATIONAL OPPORTUNITIES/Sarajevo-a-chronicle-of-reconstruction-by-Concepció-Valls-Alsedà-–-ICEVI-World-Conference-12-July-2006.doc
School-culture-and-school-effectiveness-by-Ahmadi-Ebadollah-ICEVI-World-Conference-12-July-2006.doc,ICEVI/EXPANDING EDUCATIONAL OPPORTUNITIES/School-culture-and-school-effectiveness-by-Ahmadi-Ebadollah-ICEVI-World-Conference-12-July-2006.doc
Science-education-in-The-School-for-the-blind-in-Japan…-by-Yoshiko-Toriyama-–-ICEVI-World-Conference-12-July-2006.doc,ICEVI/EXPANDING EDUCATIONAL OPPORTUNITIES/Science-education-in-The-School-for-the-blind-in-Japan…-by-Yoshiko-Toriyama-–-ICEVI-World-Conference-12-July-2006.doc
Snapshot-of-Education-for-Students-with-Visual-Impairments-from-Singapore-by-Meng-Ee-Wong-The-Educator-January-2014.doc,ICEVI/EXPANDING EDUCATIONAL OPPORTUNITIES/Snapshot-of-Education-for-Students-with-Visual-Impairments-from-Singapore-by-Meng-Ee-Wong-The-Educator-January-2014.doc
Status-of-Teaching-Expanded-Core-Curricular-Areas...-by-Shree-Ram-Mittal-WBU-ICEVI-Joint-Assembly-August-2016.doc,ICEVI/EXPANDING EDUCATIONAL OPPORTUNITIES/Status-of-Teaching-Expanded-Core-Curricular-Areas...-by-Shree-Ram-Mittal-WBU-ICEVI-Joint-Assembly-August-2016.doc
Strategies-for-the-Future-Development…-by-K.Piyasena-–-ICEVI-World-Conference-12-July-2006.doc,ICEVI/EXPANDING EDUCATIONAL OPPORTUNITIES/Strategies-for-the-Future-Development…-by-K.Piyasena-–-ICEVI-World-Conference-12-July-2006.doc
Strategies-to-achieve-Quality-Education-for-Students-with-Visual-Disabilities…-by-Julius-Nabende-–-ICEVI-World-Conference-12-July-2006.doc,ICEVI/EXPANDING EDUCATIONAL OPPORTUNITIES/Strategies-to-achieve-Quality-Education-for-Students-with-Visual-Disabilities…-by-Julius-Nabende-–-ICEVI-World-Conference-12-July-2006.doc
The-Art-of-Using-Arts-in-Education-by-Karolina-Caran-ICEVI-World-Conference-12-July-2006.doc,ICEVI/EXPANDING EDUCATIONAL OPPORTUNITIES/The-Art-of-Using-Arts-in-Education-by-Karolina-Caran-ICEVI-World-Conference-12-July-2006.doc
The-First-Swahili-Braille-News-Paper-in-Tanzania-by-Mr.-Rajabu-A.-Mtunge-The-Educator-January-2014.doc,ICEVI/EXPANDING EDUCATIONAL OPPORTUNITIES/The-First-Swahili-Braille-News-Paper-in-Tanzania-by-Mr.-Rajabu-A.-Mtunge-The-Educator-January-2014.doc
The-Nash-Dom-summer-camp-History-by-Lip-akkermans-et.-al.-ICEVI-World-Conference-12-July-2006.doc,ICEVI/EXPANDING EDUCATIONAL OPPORTUNITIES/The-Nash-Dom-summer-camp-History-by-Lip-akkermans-et.-al.-ICEVI-World-Conference-12-July-2006.doc
The-Present-Status-of-Physical-Education-Programs…-by-Kazuhiko-AMANO-Yasuko-KODA-–-ICEVI-World-Conference-12-July-2006.doc,ICEVI/EXPANDING EDUCATIONAL OPPORTUNITIES/The-Present-Status-of-Physical-Education-Programs…-by-Kazuhiko-AMANO-Yasuko-KODA-–-ICEVI-World-Conference-12-July-2006.doc
The-Strategy-to-Encourage-Mainstreaming-and-Inclusion…-by-Bambang-Basuki-–-ICEVI-World-Conference-12-July-2006.doc,ICEVI/EXPANDING EDUCATIONAL OPPORTUNITIES/The-Strategy-to-Encourage-Mainstreaming-and-Inclusion…-by-Bambang-Basuki-–-ICEVI-World-Conference-12-July-2006.doc
The-adaptation-of-examination-papers-into-large-print…-by-Rory-Cobb-–-ICEVI-World-Conference-12-July-2006.doc,ICEVI/EXPANDING EDUCATIONAL OPPORTUNITIES/The-adaptation-of-examination-papers-into-large-print…-by-Rory-Cobb-–-ICEVI-World-Conference-12-July-2006.doc
The-reform-of-Japanese-university-entrance-examination-system…-by-Kazunori-Minatani-Yosuke-Tatewaki-WBU-ICEVI-Joint-Assembly-August-2016.doc,ICEVI/EXPANDING EDUCATIONAL OPPORTUNITIES/The-reform-of-Japanese-university-entrance-examination-system…-by-Kazunori-Minatani-Yosuke-Tatewaki-WBU-ICEVI-Joint-Assembly-August-2016.doc
To-determine-current-utilization-of-reading…-by-Sharmila-Mallineni-et.al_.-–-ICEVI-World-Conference-12-July-2006.doc,ICEVI/EXPANDING EDUCATIONAL OPPORTUNITIES/To-determine-current-utilization-of-reading…-by-Sharmila-Mallineni-et.al_.-–-ICEVI-World-Conference-12-July-2006.doc
Touch-Feel-and-Learn-Plant-Bio-resource-Centre…-by-B.-Venugopal-–-ICEVI-World-Conference-12-July-2006.doc,ICEVI/EXPANDING EDUCATIONAL OPPORTUNITIES/Touch-Feel-and-Learn-Plant-Bio-resource-Centre…-by-B.-Venugopal-–-ICEVI-World-Conference-12-July-2006.doc
Work-Related-Experience-as-part-of-the-Welsh-Curriculum…-by-Nicola-J.-Crews-Jennie-Sparks-–-ICEVI-World-Conference-12-July-2006.doc,ICEVI/EXPANDING EDUCATIONAL OPPORTUNITIES/Work-Related-Experience-as-part-of-the-Welsh-Curriculum…-by-Nicola-J.-Crews-Jennie-Sparks-–-ICEVI-World-Conference-12-July-2006.doc
Working-for-Equal-Access-to-Education-for-Blind…-by-Urtnasan-Lhagvasuren-–-ICEVI-World-Conference-12-July-2006.doc,ICEVI/EXPANDING EDUCATIONAL OPPORTUNITIES/Working-for-Equal-Access-to-Education-for-Blind…-by-Urtnasan-Lhagvasuren-–-ICEVI-World-Conference-12-July-2006.doc
3-Es-or-Preschool-to-Children-with-Visual-Impairment.....-by-Madhav-Prasad-Aryal-ICEVI-World-Conference-12-July-2006.doc,ICEVI/Early Childhood Education/3-Es-or-Preschool-to-Children-with-Visual-Impairment.....-by-Madhav-Prasad-Aryal-ICEVI-World-Conference-12-July-2006.doc
A-therapeutic-and-educational-proposal.....-by-Sandra-Ruiz-Diaz-Nora-Mónica-del-Carmen-Laiácona-ICEVI-World-Conference-12-July-2006.doc,ICEVI/Early Childhood Education/A-therapeutic-and-educational-proposal.....-by-Sandra-Ruiz-Diaz-Nora-Mónica-del-Carmen-Laiácona-ICEVI-World-Conference-12-July-2006.doc
Darkened-Rays-Exclusion-of-Blind-and-VI.....-by-Sarah-o.-Akinola-ICEVI-World-Conference-12-July-2006.doc,ICEVI/Early Childhood Education/Darkened-Rays-Exclusion-of-Blind-and-VI.....-by-Sarah-o.-Akinola-ICEVI-World-Conference-12-July-2006.doc
Early-Childhood-Care-and-Education....-by-Sudesh-Mukhopadhyay-The-Educator-January-2003.doc,ICEVI/Early Childhood Education/Early-Childhood-Care-and-Education....-by-Sudesh-Mukhopadhyay-The-Educator-January-2003.doc
Early-Childhood-Intervention.....-by-Philip-K.-Bediako-ICEVI-World-Conference-12-July-2006.doc,ICEVI/Early Childhood Education/Early-Childhood-Intervention.....-by-Philip-K.-Bediako-ICEVI-World-Conference-12-July-2006.doc
Early-Intervention-in-Germany-for-CVI-by-Eberhard-Fuchs-The-Educator-January-2003.doc,ICEVI/Early Childhood Education/Early-Intervention-in-Germany-for-CVI-by-Eberhard-Fuchs-The-Educator-January-2003.doc
Early-Intervention-in-Hai-Duong-Vietnam-by-Nguyen-Duc-Minh-The-Educator-July-2007.doc,ICEVI/Early Childhood Education/Early-Intervention-in-Hai-Duong-Vietnam-by-Nguyen-Duc-Minh-The-Educator-July-2007.doc
Establish-a-model-of-early-intervention-center.....-by-Irina-Germanovna-Sumarokova-ICEVI-World-Conference-12-July-2006.doc,ICEVI/Early Childhood Education/Establish-a-model-of-early-intervention-center.....-by-Irina-Germanovna-Sumarokova-ICEVI-World-Conference-12-July-2006.doc
Heart-rate-as-indicator-of-the-Balance-Imbalance.....-by-Frans-Moolman-ICEVI-World-Conference-12-July-2006.doc,ICEVI/Early Childhood Education/Heart-rate-as-indicator-of-the-Balance-Imbalance.....-by-Frans-Moolman-ICEVI-World-Conference-12-July-2006.doc
Infant-Massage-Facilitating-Positive-Change.....-by-Grace-Lappin-ICEVI-World-Conference-12-July-2006.doc,ICEVI/Early Childhood Education/Infant-Massage-Facilitating-Positive-Change.....-by-Grace-Lappin-ICEVI-World-Conference-12-July-2006.doc
Parents-as-main-facilitators.....-by-Rosario-Galarza-ICEVI-World-Conference-12-July-2006.doc,ICEVI/Early Childhood Education/Parents-as-main-facilitators.....-by-Rosario-Galarza-ICEVI-World-Conference-12-July-2006.doc
Promises-to-Keep-Early-Education-in-the-United-States-by-Kay-Alicyn-Ferrell-The-Educator-January-2003.doc,ICEVI/Early Childhood Education/Promises-to-Keep-Early-Education-in-the-United-States-by-Kay-Alicyn-Ferrell-The-Educator-January-2003.doc
Shared-attention-with-small-children-who-are-blind-by-Knut-Brandsborg-Toril-Loe-ICEVI-World-Conference-12-July-2006.doc,ICEVI/Early Childhood Education/Shared-attention-with-small-children-who-are-blind-by-Knut-Brandsborg-Toril-Loe-ICEVI-World-Conference-12-July-2006.doc
Strategies-of-Intervention-Services.....-by-Peddy-Reddy-ICEVI-World-Conference-12-July-2006.doc,ICEVI/Early Childhood Education/Strategies-of-Intervention-Services.....-by-Peddy-Reddy-ICEVI-World-Conference-12-July-2006.doc
The-social-development-of-blind-pre-school-children-by-Anette-Ingsholt-ICEVI-World-Conference-12-July-2006.doc,ICEVI/Early Childhood Education/The-social-development-of-blind-pre-school-children-by-Anette-Ingsholt-ICEVI-World-Conference-12-July-2006.doc
HE-Annual-Report-2016-17.pdf,ICEVI/HIGHER EDUCATION PROGRAMME – PUBLICATIONS/HE-Annual-Report-2016-17.pdf
HE-Annual-Report-April-December-2017.pdf,ICEVI/HIGHER EDUCATION PROGRAMME – PUBLICATIONS/HE-Annual-Report-April-December-2017.pdf
HE-Consolidated-Report-2007.pdf,ICEVI/HIGHER EDUCATION PROGRAMME – PUBLICATIONS/HE-Consolidated-Report-2007.pdf
HE-Consolidated-Report-2008-July-2009.pdf,ICEVI/HIGHER EDUCATION PROGRAMME – PUBLICATIONS/HE-Consolidated-Report-2008-July-2009.pdf
HE-Consolidated-Report-2008.pdf,ICEVI/HIGHER EDUCATION PROGRAMME – PUBLICATIONS/HE-Consolidated-Report-2008.pdf
HE-Consolidated-Report-2010-2011.pdf,ICEVI/HIGHER EDUCATION PROGRAMME – PUBLICATIONS/HE-Consolidated-Report-2010-2011.pdf
HE-Consolidated-Report-2011-2012.pdf,ICEVI/HIGHER EDUCATION PROGRAMME – PUBLICATIONS/HE-Consolidated-Report-2011-2012.pdf
HE-Consolidated-Report-2012-2013.pdf,ICEVI/HIGHER EDUCATION PROGRAMME – PUBLICATIONS/HE-Consolidated-Report-2012-2013.pdf
HE-Consolidated-Report-2013-2014.pdf,ICEVI/HIGHER EDUCATION PROGRAMME – PUBLICATIONS/HE-Consolidated-Report-2013-2014.pdf
HE-Consolidated-Report-2014-2015.pdf,ICEVI/HIGHER EDUCATION PROGRAMME – PUBLICATIONS/HE-Consolidated-Report-2014-2015.pdf
HE-Consolidated-Report-January-2010-June-2010.pdf,ICEVI/HIGHER EDUCATION PROGRAMME – PUBLICATIONS/HE-Consolidated-Report-January-2010-June-2010.pdf
HE-Consolidated-Report-January-December-2018.pdf,ICEVI/HIGHER EDUCATION PROGRAMME – PUBLICATIONS/HE-Consolidated-Report-January-December-2018.pdf
HE-Consolidated-Report-January-December-2019.pdf,ICEVI/HIGHER EDUCATION PROGRAMME – PUBLICATIONS/HE-Consolidated-Report-January-December-2019.pdf
HE-Report-of-Survey-May-2006.pdf,ICEVI/HIGHER EDUCATION PROGRAMME – PUBLICATIONS/HE-Report-of-Survey-May-2006.pdf
Higher_Education_Project-A_Snapshot_(2007-2015).pdf,ICEVI/HIGHER EDUCATION PROGRAMME – PUBLICATIONS/Higher_Education_Project-A_Snapshot_(2007-2015).pdf
ICEVI-TNF-HE-Annual-Report-2015-16-FINAL1.pdf,ICEVI/HIGHER EDUCATION PROGRAMME – PUBLICATIONS/ICEVI-TNF-HE-Annual-Report-2015-16-FINAL1.pdf
TNF-HE-Final-Evaluation-Report-Annexure-2007.pdf,ICEVI/HIGHER EDUCATION PROGRAMME – PUBLICATIONS/TNF-HE-Final-Evaluation-Report-Annexure-2007.pdf
A-Progressive-Vision-of-Inclusive-Education-in-Palestine-by-Rima-Canawati-WBU-ICEVI-Joint-Assembly-August-2016.doc,ICEVI/INCLUSION/A-Progressive-Vision-of-Inclusive-Education-in-Palestine-by-Rima-Canawati-WBU-ICEVI-Joint-Assembly-August-2016.doc
Advancement-in-the-field-of-education…-by-R.-Ranganathan-ICEVI-World-Conference-12-July-2006.doc,ICEVI/INCLUSION/Advancement-in-the-field-of-education…-by-R.-Ranganathan-ICEVI-World-Conference-12-July-2006.doc
An-inclusion-experience-in-our-school-by-Rosa-Liliana-Peña-y-Lillo-Zapata-Ana-Luz-Chávez-Machado-ICEVI-World-Conference-12-July-2006.doc,ICEVI/INCLUSION/An-inclusion-experience-in-our-school-by-Rosa-Liliana-Peña-y-Lillo-Zapata-Ana-Luz-Chávez-Machado-ICEVI-World-Conference-12-July-2006.doc
Challenges-and-Barriers-to-Inclusive-Education-in-Egypt-by-Sawsan-El-Messiri-ICEVI-World-Conference-12-July-2006.doc,ICEVI/INCLUSION/Challenges-and-Barriers-to-Inclusive-Education-in-Egypt-by-Sawsan-El-Messiri-ICEVI-World-Conference-12-July-2006.doc
Contribution-to-access-and-quality-of-education…-by-Teshome-Assefa-ICEVI-World-Conference-12-July-2006.doc,ICEVI/INCLUSION/Contribution-to-access-and-quality-of-education…-by-Teshome-Assefa-ICEVI-World-Conference-12-July-2006.doc
Developments-in-Disability-Issues…-by-William-G.-Brohier-The-Educator-July-2002.doc,ICEVI/INCLUSION/Developments-in-Disability-Issues…-by-William-G.-Brohier-The-Educator-July-2002.doc
EFA-VI-Global-Campaign-a-shared-challenge…-BY-Larry-Campbell-The-Educator-January-2007.doc,ICEVI/INCLUSION/EFA-VI-Global-Campaign-a-shared-challenge…-BY-Larry-Campbell-The-Educator-January-2007.doc
Education-For-All-–-Fast-Track-Initiatives-The-Educator-January-2007.doc,ICEVI/INCLUSION/Education-For-All-–-Fast-Track-Initiatives-The-Educator-January-2007.doc
Education-for-All-Goals-as-per-Dakar-Declaration-2000-The-Educator-January-2007.doc,ICEVI/INCLUSION/Education-for-All-Goals-as-per-Dakar-Declaration-2000-The-Educator-January-2007.doc
Education-of-children-with-visual-Impairments-in-Japan…-by-Hisae-Miyauchi-The-Educator-January-2010.doc,ICEVI/INCLUSION/Education-of-children-with-visual-Impairments-in-Japan…-by-Hisae-Miyauchi-The-Educator-January-2010.doc
Educational-Inclusion-for-Children-with-Visual-Impairment-in-Ireland-by-Eileen-Beechinor-The-Educator-January-2010.doc,ICEVI/INCLUSION/Educational-Inclusion-for-Children-with-Visual-Impairment-in-Ireland-by-Eileen-Beechinor-The-Educator-January-2010.doc
Educational-Support-in-the-Local-Mainstream-Schools-in-Japan-by-Hisae-Miyauchi-ICEVI-World-Conference-12-July-2006.doc,ICEVI/INCLUSION/Educational-Support-in-the-Local-Mainstream-Schools-in-Japan-by-Hisae-Miyauchi-ICEVI-World-Conference-12-July-2006.doc
Facing-the-Challenges-of-Inclusive-Education-by-Lucía-Piccione-ICEVI-World-Conference-12-July-2006.doc,ICEVI/INCLUSION/Facing-the-Challenges-of-Inclusive-Education-by-Lucía-Piccione-ICEVI-World-Conference-12-July-2006.doc
From-Special-Education-to-Inclusive-Education…-by-Yogendra-Pandey-ICEVI-World-Conference-12-July-2006.doc,ICEVI/INCLUSION/From-Special-Education-to-Inclusive-Education…-by-Yogendra-Pandey-ICEVI-World-Conference-12-July-2006.doc
From-segregation-to-integration…-by-C.D.-Tamboli-ICEVI-World-Conference-12-July-2006.doc,ICEVI/INCLUSION/From-segregation-to-integration…-by-C.D.-Tamboli-ICEVI-World-Conference-12-July-2006.doc
From-the-Specialised-Institute-to-the-Resource-Centre-by-THIBAULT-Catherine-LEROUX-Gaëtane-ICEVI-World-Conference-12-July-2006.doc,ICEVI/INCLUSION/From-the-Specialised-Institute-to-the-Resource-Centre-by-THIBAULT-Catherine-LEROUX-Gaëtane-ICEVI-World-Conference-12-July-2006.doc
Growing-a-‘Can-Do’-Society-for-All…-by-Gwen-Nagel-Karen-Stobbs-The-Educator-July-2003.doc,ICEVI/INCLUSION/Growing-a-‘Can-Do’-Society-for-All…-by-Gwen-Nagel-Karen-Stobbs-The-Educator-July-2003.doc
Hear-Me-Out-Listening-to-Blind…-by-Rory-Cobb-The-Educator-July-2010.doc,ICEVI/INCLUSION/Hear-Me-Out-Listening-to-Blind…-by-Rory-Cobb-The-Educator-July-2010.doc
Identifying-favourable-factors…-by-Anders-Rönnbäck-Annica-Winberg-ICEVI-World-Conference-12-July-2006.doc,ICEVI/INCLUSION/Identifying-favourable-factors…-by-Anders-Rönnbäck-Annica-Winberg-ICEVI-World-Conference-12-July-2006.doc
Impact-of-Educational-Inclusion…-by-Paul-Lynch-and-Steve-McCall-The-Educator-January-2010.doc,ICEVI/INCLUSION/Impact-of-Educational-Inclusion…-by-Paul-Lynch-and-Steve-McCall-The-Educator-January-2010.doc
Implementing-and-monitoring-inclusive-education-in-Vietnam-by-Nguyen-Lai-Hong-An-ICEVI-World-Conference-12-July-2006.doc,ICEVI/INCLUSION/Implementing-and-monitoring-inclusive-education-in-Vietnam-by-Nguyen-Lai-Hong-An-ICEVI-World-Conference-12-July-2006.doc
Inclusion-A-Growing-Modality-in-the-Education…-by-Mary-Valera-The-Educator-July-2003.doc,ICEVI/INCLUSION/Inclusion-A-Growing-Modality-in-the-Education…-by-Mary-Valera-The-Educator-July-2003.doc
Inclusion-in-Swedish-Classrooms-by-Annica-Winberg-The-Educator-July-2010.doc,ICEVI/INCLUSION/Inclusion-in-Swedish-Classrooms-by-Annica-Winberg-The-Educator-July-2010.doc
Inclusion-–-A-myth-or-a-reality...-by-A.K-.Mittal-ICEVI-World-Conference-12-July-2006.doc,ICEVI/INCLUSION/Inclusion-–-A-myth-or-a-reality...-by-A.K-.Mittal-ICEVI-World-Conference-12-July-2006.doc
Inclusion-–-Listening-to-Children…-by-Paul-Lynch-et.al-The-Educator-July-2010.doc,ICEVI/INCLUSION/Inclusion-–-Listening-to-Children…-by-Paul-Lynch-et.al-The-Educator-July-2010.doc
Inclusive-Education-Rhetoric-or-a-Reality-by-Sujata-Bhan-WBU-ICEVI-Joint-Assembly-August-2016.doc,ICEVI/INCLUSION/Inclusive-Education-Rhetoric-or-a-Reality-by-Sujata-Bhan-WBU-ICEVI-Joint-Assembly-August-2016.doc
Inclusive-Education-for-Children-with-Visual-Impairment…-by-Maria-Cristina-Encinas-Medina-ICEVI-World-Conference-12-July-2006.doc,ICEVI/INCLUSION/Inclusive-Education-for-Children-with-Visual-Impairment…-by-Maria-Cristina-Encinas-Medina-ICEVI-World-Conference-12-July-2006.doc
Inclusive-Education-for-children-with-VI…-by-Joseph-S-Munsanje-et.al_.-ICEVI-World-Conference-12-July-2006.doc,ICEVI/INCLUSION/Inclusive-Education-for-children-with-VI…-by-Joseph-S-Munsanje-et.al_.-ICEVI-World-Conference-12-July-2006.doc
Inclusive-Education-in-India…-by-M.N.G.-Mani-The-Educator-July-2003.doc,ICEVI/INCLUSION/Inclusive-Education-in-India…-by-M.N.G.-Mani-The-Educator-July-2003.doc
Inclusive-Education-of-Blind-pupils-in-Cambodia-by-Vong-Chhim-Vannak-ICEVI-World-Conference-12-July-2006.doc,ICEVI/INCLUSION/Inclusive-Education-of-Blind-pupils-in-Cambodia-by-Vong-Chhim-Vannak-ICEVI-World-Conference-12-July-2006.doc
Inclusive-education-in-brazil…-by-Mara-O-Campos-Syaulis-Marilda-Moraes-Garcia-Bruno-The-Educator-July-2003.doc,ICEVI/INCLUSION/Inclusive-education-in-brazil…-by-Mara-O-Campos-Syaulis-Marilda-Moraes-Garcia-Bruno-The-Educator-July-2003.doc
Integration-laid-foundation-for-successful-inclusion…-by-K.-Sankar-ICEVI-World-Conference-12-July-2006.doc,ICEVI/INCLUSION/Integration-laid-foundation-for-successful-inclusion…-by-K.-Sankar-ICEVI-World-Conference-12-July-2006.doc
Involvement-of-the-community-for-effective-Inclusion-by-K.-Kempaiah-ICEVI-World-Conference-12-July-2006.doc,ICEVI/INCLUSION/Involvement-of-the-community-for-effective-Inclusion-by-K.-Kempaiah-ICEVI-World-Conference-12-July-2006.doc
Is-Inclusive-Education-Possible...-by-D.N.-Nongola-WBU-ICEVI-Joint-Assembly-August-2016.doc,ICEVI/INCLUSION/Is-Inclusive-Education-Possible...-by-D.N.-Nongola-WBU-ICEVI-Joint-Assembly-August-2016.doc
Managing-inclusion-of-student-with-VI…-by-David-Chakukuchichi-Auxilia-Badza-ICEVI-World-Conference-12-July-2006.doc,ICEVI/INCLUSION/Managing-inclusion-of-student-with-VI…-by-David-Chakukuchichi-Auxilia-Badza-ICEVI-World-Conference-12-July-2006.doc
New-Visions-Moving-Towards-an-Inclusive-Community-by-Renate-Walthes-The-Educator-January-2003.doc,ICEVI/INCLUSION/New-Visions-Moving-Towards-an-Inclusive-Community-by-Renate-Walthes-The-Educator-January-2003.doc
Origin-of-Education-For-All-The-Educator-January-2007.doc,ICEVI/INCLUSION/Origin-of-Education-For-All-The-Educator-January-2007.doc
Outcome-of-mid-term-review…-by-David-N.-Botwey-ICEVI-World-Conference-12-July-2006.doc,ICEVI/INCLUSION/Outcome-of-mid-term-review…-by-David-N.-Botwey-ICEVI-World-Conference-12-July-2006.doc
Perceptions-of-Stakeholders-about-Inclusive-Education…-by-Humara-Bano-Javed-Rushna-ICEVI-World-Conference-12-July-2006.doc,ICEVI/INCLUSION/Perceptions-of-Stakeholders-about-Inclusive-Education…-by-Humara-Bano-Javed-Rushna-ICEVI-World-Conference-12-July-2006.doc
Policy-and-Practice-in-the-Educational-Inclusion…-Sumrana-Yasmina-et.al_.-The-Educator-January-2010.doc,ICEVI/INCLUSION/Policy-and-Practice-in-the-Educational-Inclusion…-Sumrana-Yasmina-et.al_.-The-Educator-January-2010.doc
Positive-examples-useful-for-system…-by-Dragana-V.-Stanimirovic-Bratimir-M.-Joksimovic-ICEVI-World-Conference-12-July-2006.doc,ICEVI/INCLUSION/Positive-examples-useful-for-system…-by-Dragana-V.-Stanimirovic-Bratimir-M.-Joksimovic-ICEVI-World-Conference-12-July-2006.doc
Promoting-Inclusion-in-Mathematics-and-Science…-by-Dorine-in-‘t-Veld-The-Educator-July-2010.doc,ICEVI/INCLUSION/Promoting-Inclusion-in-Mathematics-and-Science…-by-Dorine-in-‘t-Veld-The-Educator-July-2010.doc
Promotion-of-inclusion-of-mainstream-School-children…-by-K.V.-Ananda-Rao-ICEVI-World-Conference-12-July-2006.doc,ICEVI/INCLUSION/Promotion-of-inclusion-of-mainstream-School-children…-by-K.V.-Ananda-Rao-ICEVI-World-Conference-12-July-2006.doc
Slovak-Republic-takes-up-the-challenge…-by-Stef-Pennings-Carina-Poels-ICEVI-World-Conference-12-July-2006.doc,ICEVI/INCLUSION/Slovak-Republic-takes-up-the-challenge…-by-Stef-Pennings-Carina-Poels-ICEVI-World-Conference-12-July-2006.doc
Strengthening-Integrated-Education-Programs…-by-Manju-Samaddar-ICEVI-World-Conference-12-July-2006.doc,ICEVI/INCLUSION/Strengthening-Integrated-Education-Programs…-by-Manju-Samaddar-ICEVI-World-Conference-12-July-2006.doc
Success-of-Inclusion-in-Sri-Lanka-by-T.D.T.L.-Dhanapala-ICEVI-World-Conference-12-July-2006.doc,ICEVI/INCLUSION/Success-of-Inclusion-in-Sri-Lanka-by-T.D.T.L.-Dhanapala-ICEVI-World-Conference-12-July-2006.doc
Teaching-Mathematics-Mainstream-Classteachers’-FAQs…-by-Mary-Valera-The-Educator-July-2010.doc,ICEVI/INCLUSION/Teaching-Mathematics-Mainstream-Classteachers’-FAQs…-by-Mary-Valera-The-Educator-July-2010.doc
The-Education-of-Students-with-VI...-by-Issavara-Sirirungruang-Samart-Ratanasakorn-The-Educator-January-2010.doc,ICEVI/INCLUSION/The-Education-of-Students-with-VI...-by-Issavara-Sirirungruang-Samart-Ratanasakorn-The-Educator-January-2010.doc
The-Implementation-and-Challenges…-by-Advocate-Praveena-Sukhraj-ICEVI-World-Conference-12-July-2006.doc,ICEVI/INCLUSION/The-Implementation-and-Challenges…-by-Advocate-Praveena-Sukhraj-ICEVI-World-Conference-12-July-2006.doc
The-Implementation-of-Inclusive-Education…-by-Frieda-Mangunsong-ICEVI-World-Conference-12-July-2006.doc,ICEVI/INCLUSION/The-Implementation-of-Inclusive-Education…-by-Frieda-Mangunsong-ICEVI-World-Conference-12-July-2006.doc
The-Role-of-Schools-for-the-Blind-in-Inclusive-Education-by-Phil-Hatlen-The-Educator-July-2003.doc,ICEVI/INCLUSION/The-Role-of-Schools-for-the-Blind-in-Inclusive-Education-by-Phil-Hatlen-The-Educator-July-2003.doc
The-Salamanca-Statement-and-Framework-for-Action-on-Special-Education-The-Educator-January-2007.doc,ICEVI/INCLUSION/The-Salamanca-Statement-and-Framework-for-Action-on-Special-Education-The-Educator-January-2007.doc
Upfront-and-clear-Strategies-for-students…-by-Gillian-Gale-ICEVI-World-Conference-12-July-2006.doc,ICEVI/INCLUSION/Upfront-and-clear-Strategies-for-students…-by-Gillian-Gale-ICEVI-World-Conference-12-July-2006.doc
Vietnam-The-education-of-people-with-Visual-impairment-2007-2015-by-Nguyen-Duc-Minh-The-Educator-January-2010.doc,ICEVI/INCLUSION/Vietnam-The-education-of-people-with-Visual-impairment-2007-2015-by-Nguyen-Duc-Minh-The-Educator-January-2010.doc
2018-WBU-ICEVI-Joint-Position-Paper-on-Education.doc,ICEVI/OTHER PUBLICATIONS/2018-WBU-ICEVI-Joint-Position-Paper-on-Education.doc
History_Book_ICEVI.pdf,ICEVI/OTHER PUBLICATIONS/History_Book_ICEVI.pdf
ICEVI-Strategic-Goals-2017-2020.doc,ICEVI/OTHER PUBLICATIONS/ICEVI-Strategic-Goals-2017-2020.doc
ICEVI_brochure_final.pdf,ICEVI/OTHER PUBLICATIONS/ICEVI_brochure_final.pdf
Math-made-easy-Mon.pdf,ICEVI/OTHER PUBLICATIONS/Math-made-easy-Mon.pdf
Mathematics-Made-Easy-for-Children-with-Visual-Impairment.pdf,ICEVI/OTHER PUBLICATIONS/Mathematics-Made-Easy-for-Children-with-Visual-Impairment.pdf
UGANDA-RESEARCH-FINAL.doc,ICEVI/OTHER PUBLICATIONS/UGANDA-RESEARCH-FINAL.doc
WBU-ICEVI-Braille-Literacy-Position-Statement.doc,ICEVI/OTHER PUBLICATIONS/WBU-ICEVI-Braille-Literacy-Position-Statement.doc
ICEVI-Annual-Report-2021.pdf,ICEVI/Reports/ICEVI-Annual-Report-2021.pdf
ICEVI-Annual-Report-February-2017-September-2018.pdf,ICEVI/Reports/ICEVI-Annual-Report-February-2017-September-2018.pdf
ICEVI-Annual-Report-October-2018-September-2019.pdf,ICEVI/Reports/ICEVI-Annual-Report-October-2018-September-2019.pdf
ICEVI-Interim-Report-October-2019-June-2020.pdf,ICEVI/Reports/ICEVI-Interim-Report-October-2019-June-2020.pdf
ICEVI-Quadrennial-Report-2012-16-Final-1.pdf,ICEVI/Reports/ICEVI-Quadrennial-Report-2012-16-Final-1.pdf
ICEVI-Quadrennial-Report-2017-20.pdf,ICEVI/Reports/ICEVI-Quadrennial-Report-2017-20.pdf
ICEVI_Annual_Report_2013-min-1.pdf,ICEVI/Reports/ICEVI_Annual_Report_2013-min-1.pdf
ICEVI_Annual_Report_2014-2.pdf,ICEVI/Reports/ICEVI_Annual_Report_2014-2.pdf
ICEVI_annual_report_2011 (1).pdf,ICEVI/Reports/ICEVI_annual_report_2011 (1).pdf
ICEVI_annual_report_2011.pdf,ICEVI/Reports/ICEVI_annual_report_2011.pdf
ICEVI_annual_report_2012.pdf,ICEVI/Reports/ICEVI_annual_report_2012.pdf
Quadrennial-Review-Final.pdf,ICEVI/Reports/Quadrennial-Review-Final.pdf
education_for_active_citizenship_-_thematic_profile_2017.pdf,Oxfam/education_for_active_citizenship_-_thematic_profile_2017.pdf
esp_oxfam_ibis_concept_educacion_e_igualdad_de_genero.pdf,Oxfam/esp_oxfam_ibis_concept_educacion_e_igualdad_de_genero.pdf
ny_education_gender_equality_oxfam_ibis_concept_paper_eng.pdf,Oxfam/ny_education_gender_equality_oxfam_ibis_concept_paper_eng.pdf
ny_educators_development_oxfam_ibis_concept_paper_eng.pdf,Oxfam/ny_educators_development_oxfam_ibis_concept_paper_eng.pdf
ny_fragile_situations_oxfam_ibis_concept_paper_eng.pdf,Oxfam/ny_fragile_situations_oxfam_ibis_concept_paper_eng.pdf
ny_mother_tongue_oxfam_ibis_concept_paper_eng.pdf,Oxfam/ny_mother_tongue_oxfam_ibis_concept_paper_eng.pdf
ny_quality_oxfam_ibis_concept_paper_eng.pdf,Oxfam/ny_quality_oxfam_ibis_concept_paper_eng.pdf
ny_transformative_education_oxfam_ibis_concept_paper_eng.pdf,Oxfam/ny_transformative_education_oxfam_ibis_concept_paper_eng.pdf
ny_youth_education_oxfam_ibis_concept_paper_eng.pdf,Oxfam/ny_youth_education_oxfam_ibis_concept_paper_eng.pdf
All-My-Friends-Need-Teachers-Campaign-pack.pdf,Send my Friend to School/All-My-Friends-Need-Teachers-Campaign-pack.pdf
Archive (1).zip,Send my Friend to School/Archive (1).zip
Archive.zip,Send my Friend to School/Archive.zip
CPD-Making-a-difference.docx,Send my Friend to School/CPD/CPD-Making-a-difference.docx
CPD-Participating-in-a-democracy.docx,Send my Friend to School/CPD/CPD-Participating-in-a-democracy.docx
CPD-Rights-to-Education.docx,Send my Friend to School/CPD/CPD-Rights-to-Education.docx
Extension-activities-Activity-1.pdf,Send my Friend to School/Extension-activities-Activity-1.pdf
Extension-activities-Activity-2.pdf,Send my Friend to School/Extension-activities-Activity-2.pdf
Extension-activities-Activity-3.pdf,Send my Friend to School/Extension-activities-Activity-3.pdf
Extension-activities-Activity-4.pdf,Send my Friend to School/Extension-activities-Activity-4.pdf
Extension-activities-Activity-5.pdf,Send my Friend to School/Extension-activities-Activity-5.pdf
Factsheet-KS3-4-The-SDGs.pdf,Send my Friend to School/Factsheet-KS3-4-The-SDGs.pdf
Keep-All-My-Friends-Learning-Policy-Briefing-1.pdf,Send my Friend to School/Keep-All-My-Friends-Learning-Policy-Briefing-1.pdf
Local-to-global-fact-sheet-2016.pdf,Send my Friend to School/Local-to-global-fact-sheet-2016.pdf
MP-Toolkit-2022.docx,Send my Friend to School/MP-Toolkit-2022.docx
SMF_22_Policy_Report.pdf,Send my Friend to School/SMF_22_Policy_Report.pdf
SMF_Turningthetide.pdf,Send my Friend to School/SMF_Turningthetide.pdf
TAF CITY SABA Cluster 1 .pdf,Send my Friend to School/TAF CITY SABA Cluster 1 .pdf
TheRightClimatetoLearn-1.pdf,Send my Friend to School/TheRightClimatetoLearn-1.pdf
Use of culture and vernacular in early years at school.pdf,Send my Friend to School/Use of culture and vernacular in early years at school.pdf
2019-09-18-gpe-drt-report-web.pdf,The Association for the Development of Education In Africa/2019-09-18-gpe-drt-report-web.pdf
a-unique-opportunity-to-maximize-the-impact-of-secondary-education-in-africa.pdf,The Association for the Development of Education In Africa/a-unique-opportunity-to-maximize-the-impact-of-secondary-education-in-africa.pdf
adea_icqn_mse_policy_brief_no1.pdf,The Association for the Development of Education In Africa/adea_icqn_mse_policy_brief_no1.pdf
adea_icqn_mse_policy_brief_no2.pdf,The Association for the Development of Education In Africa/adea_icqn_mse_policy_brief_no2.pdf
adea_strategic_plan_2018_2022.pdf,The Association for the Development of Education In Africa/adea_strategic_plan_2018_2022.pdf
adea_tvsd_digitalisation_supply_side_report.pdf,The Association for the Development of Education In Africa/adea_tvsd_digitalisation_supply_side_report.pdf
africa_education_innovations_handbook_2018_web.pdf,The Association for the Development of Education In Africa/africa_education_innovations_handbook_2018_web.pdf
assessment_report_on_the_integration_of_peace_education_into_teaching_and_learning_in_african_countries_icqn_pe.pdf,The Association for the Development of Education In Africa/assessment_report_on_the_integration_of_peace_education_into_teaching_and_learning_in_african_countries_icqn_pe.pdf
cesa_journal_vol_3.pdf,The Association for the Development of Education In Africa/cesa_journal_vol_3.pdf
cesa_journal_vol_4.pdf,The Association for the Development of Education In Africa/cesa_journal_vol_4.pdf
continental_book_and_reading_policy_framework.pdf,The Association for the Development of Education In Africa/continental_book_and_reading_policy_framework.pdf
education_under_threat_in_wca_2019.pdf,The Association for the Development of Education In Africa/education_under_threat_in_wca_2019.pdf
financing_education_kix_observatory.pdf,The Association for the Development of Education In Africa/financing_education_kix_observatory.pdf
framework_document_0.pdf,The Association for the Development of Education In Africa/framework_document_0.pdf
guide_on_esd_for_educators.pdf,The Association for the Development of Education In Africa/guide_on_esd_for_educators.pdf
higher_education_management_information_systems_norms_and_standards_benchmarking_framework_for_african_region.pdf,The Association for the Development of Education In Africa/higher_education_management_information_systems_norms_and_standards_benchmarking_framework_for_african_region.pdf
impact_of_covid-19_on_africas_education_final_report.pdf,The Association for the Development of Education In Africa/impact_of_covid-19_on_africas_education_final_report.pdf
kix_covid-19_observatory_first_brief.pdf,The Association for the Development of Education In Africa/kix_covid-19_observatory_first_brief.pdf
learning_assessment_kix_observatory.pdf,The Association for the Development of Education In Africa/learning_assessment_kix_observatory.pdf
leducation_en_peril_en_aoc_2019.pdf,The Association for the Development of Education In Africa/leducation_en_peril_en_aoc_2019.pdf
nbrp_toolkit.pdf,The Association for the Development of Education In Africa/nbrp_toolkit.pdf
policy_brief_kix_observatory_school_reopening.pdf,The Association for the Development of Education In Africa/policy_brief_kix_observatory_school_reopening.pdf
policy_brief_teacher_training_and_support.pdf,The Association for the Development of Education In Africa/policy_brief_teacher_training_and_support.pdf
report_africavf_compressed.pdf,The Association for the Development of Education In Africa/report_africavf_compressed.pdf
report_education_at_home_covid-19.pdf,The Association for the Development of Education In Africa/report_education_at_home_covid-19.pdf
school_children_well-being_kix_observatory.pdf,The Association for the Development of Education In Africa/school_children_well-being_kix_observatory.pdf
school_reopening_kix_observatory.pdf,The Association for the Development of Education In Africa/school_reopening_kix_observatory.pdf
sea_full_report.pdf,The Association for the Development of Education In Africa/sea_full_report.pdf
sea_perspectivesafricanyouth_2020-07-20.pdf,The Association for the Development of Education In Africa/sea_perspectivesafricanyouth_2020-07-20.pdf
teacher_training_and_support_kix_observatory.pdf,The Association for the Development of Education In Africa/teacher_training_and_support_kix_observatory.pdf
unesco_covid-19_education_response_advocacy_paper_july_2020.pdf,The Association for the Development of Education In Africa/unesco_covid-19_education_response_advocacy_paper_july_2020.pdf
4167_2022_unep_gef_fsp_spcc_LGGE_Jamaica MR.pdf,UN Environment/4167_2022_unep_gef_fsp_spcc_LGGE_Jamaica MR.pdf
9320_2022_te_unep_gef_spcc_msp_DES_SEA4ALL.pdf,UN Environment/9320_2022_te_unep_gef_spcc_msp_DES_SEA4ALL.pdf
AGR2022.pdf,UN Environment/AGR2022.pdf
AMNQ322.pdf,UN Environment/AMNQ322.pdf
AnnualReport_2019-20_JapanMercury.pdf,UN Environment/AnnualReport_2019-20_JapanMercury.pdf
AnnualReport_2020-21_JapanMercury.pdf,UN Environment/AnnualReport_2020-21_JapanMercury.pdf
AnnualReport_2021-22_JapanMercury.pdf,UN Environment/AnnualReport_2021-22_JapanMercury.pdf
EGR2022.pdf,UN Environment/EGR2022.pdf
IssuesReportArsenic.pdf,UN Environment/IssuesReportArsenic.pdf
IssuesReportBPA.pdf,UN Environment/IssuesReportBPA.pdf
IssuesReportCadmium.pdf,UN Environment/IssuesReportCadmium.pdf
IssuesReportCiP.pdf,UN Environment/IssuesReportCiP.pdf
IssuesReportEDCs.pdf,UN Environment/IssuesReportEDCs.pdf
IssuesReportEPPPs.pdf,UN Environment/IssuesReportEPPPs.pdf
IssuesReportGlyphosate.pdf,UN Environment/IssuesReportGlyphosate.pdf
IssuesReportHHPs.pdf,UN Environment/IssuesReportHHPs.pdf
IssuesReportHSLEEP.pdf,UN Environment/IssuesReportHSLEEP.pdf
IssuesReportLead.pdf,UN Environment/IssuesReportLead.pdf
IssuesReportLeadPaint.pdf,UN Environment/IssuesReportLeadPaint.pdf
IssuesReportMicroplastics.pdf,UN Environment/IssuesReportMicroplastics.pdf
IssuesReportNano.pdf,UN Environment/IssuesReportNano.pdf
IssuesReportNeonicotinoids.pdf,UN Environment/IssuesReportNeonicotinoids.pdf
IssuesReportOrganotins.pdf,UN Environment/IssuesReportOrganotins.pdf
IssuesReportPAHs.pdf,UN Environment/IssuesReportPAHs.pdf
IssuesReportPFAS.pdf,UN Environment/IssuesReportPFAS.pdf
IssuesReportPhthalates.pdf,UN Environment/IssuesReportPhthalates.pdf
IssuesReportTriclosan.pdf,UN Environment/IssuesReportTriclosan.pdf
ListofParticipants.pdf,UN Environment/ListofParticipants.pdf
MGFC_RF_UNEP_meeting_20221209.pdf,UN Environment/MGFC_RF_UNEP_meeting_20221209.pdf
PAG13_LoP.pdf,UN Environment/PAG13_LoP.pdf
PPR20.pdf,UN Environment/PPR20.pdf
SPM_English.pdf,UN Environment/SPM_English.pdf
balkans_portfolio.pdf,UN Environment/balkans_portfolio.pdf
end_plastic_pollution.pdf,UN Environment/end_plastic_pollution.pdf
eye_on_methane.pdf,UN Environment/eye_on_methane.pdf
green_agenda_balkans.pdf,UN Environment/green_agenda_balkans.pdf
guidance_human_rights_climate_change_EN.pdf,UN Environment/guidance_human_rights_climate_change_EN.pdf
lessons_learned_projects.pdf,UN Environment/lessons_learned_projects.pdf
sida_balkans.pdf,UN Environment/sida_balkans.pdf
western_balkans_forum.pdf,UN Environment/western_balkans_forum.pdf
Asia-Pacific-SDG-Progress-Report-2017.pdf,UNESCAP/Asia-Pacific-SDG-Progress-Report-2017.pdf
ESCAP-2022-FG_SDG-Progress-Report.pdf,UNESCAP/ESCAP-2022-FG_SDG-Progress-Report.pdf
ESCAP_Asia_and_the_Pacific_SDG_Progress_Report_2019.pdf,UNESCAP/ESCAP_Asia_and_the_Pacific_SDG_Progress_Report_2019.pdf
ESCAP_Asia_and_the_Pacific_SDG_Progress_Report_2020.pdf,UNESCAP/ESCAP_Asia_and_the_Pacific_SDG_Progress_Report_2020.pdf
ESCAP_Asia_and_the_Pacific_SDG_Progress_Report_2021.pdf,UNESCAP/ESCAP_Asia_and_the_Pacific_SDG_Progress_Report_2021.pdf
1948-2018 History_of_OMEP.pdf,World Organisation for Early Childhood Education (OMEP)/1948-2018 History_of_OMEP.pdf
2019-Introduction-to-the-OMEP-ESD-rating-scaleENG.pdf,World Organisation for Early Childhood Education (OMEP)/2019-Introduction-to-the-OMEP-ESD-rating-scaleENG.pdf
2019-OMEP-ESD-rating-scale-RUBRICSENG.pdf,World Organisation for Early Childhood Education (OMEP)/2019-OMEP-ESD-rating-scale-RUBRICSENG.pdf
2019-OMEP-ESD-rating-scale2ed.ENG_.pdf,World Organisation for Early Childhood Education (OMEP)/2019-OMEP-ESD-rating-scale2ed.ENG_.pdf
2022 OMEP 13th ESD A C_Korea_Kim.docx.pdf,World Organisation for Early Childhood Education (OMEP)/2022 OMEP 13th ESD A C_Korea_Kim.docx.pdf
2022-Brazil_Omep - PROJECTO _DE BOA NA LAGOA (NICE AT THE LAGOON)_ signated.pdf,World Organisation for Early Childhood Education (OMEP)/2022-Brazil_Omep - PROJECTO _DE BOA NA LAGOA (NICE AT THE LAGOON)_ signated.pdf
2022-ESD_Studen_Award_NewZ-TRogers .pdf,World Organisation for Early Childhood Education (OMEP)/2022-ESD_Studen_Award_NewZ-TRogers .pdf
OMEP-TIP5-2022.pdf,World Organisation for Early Childhood Education (OMEP)/OMEP-TIP5-2022.pdf
omep-revista4.pdf,World Organisation for Early Childhood Education (OMEP)/omep-revista4.pdf
