Category,Search item
SDG 1,SDG 1 
SDG 1,Child Labor Laws
SDG 1,Child Labour
SDG 1,Child Support Grant
SDG 1,Child Welfare
SDG 1,Conditional Cash Transfer
SDG 1,Conditional Cash Transfer Program
SDG 1,Development Aid
SDG 1,Development Aid
SDG 1,Development Assistance Committee
SDG 1,Disaster Risk Reduction
SDG 1,Eradicate Extreme Poverty
SDG 1,Extreme Poverty
SDG 1,Low Income
SDG 1,Low Income Countries
SDG 1,Low Income Population
SDG 1,Low Socioeconomic Status
SDG 1,Micro Finance Institutions
SDG 1,Microfinance
SDG 1,Official Development Assistance
SDG 1,Official Development Assistance
SDG 1,Poor Countries
SDG 1,Poverty Alleviation
SDG 1,Poverty Alleviation
SDG 1,Poverty Alleviation Program
SDG 1,Poverty Eradication
SDG 1,Poverty Levels
SDG 1,Poverty Line
SDG 1,Poverty Reduction Strategy Paper
SDG 1,Small Island Developing States
SDG 1,Social Assistance
SDG 1,Social Protection
SDG 1,Social Protection Floor
SDG 1,Social Protection Spending
SDG 1,Social Protection System
SDG 1,Social Safety Net
SDG 1,Social Security
SDG 1,Social Support
SDG 1,Social Welfare
SDG 1,Targeted Poverty Alleviation
SDG 1,Child Labor Regulations
SDG 1,Disaster Risk Reduction Strategies
SDG 1,Distributional Effect
SDG 1,Economic Resource AND Access
SDG 1,End Poverty
SDG 1,Financial Aid AND North-South Divide
SDG 1,Financial Aid AND Poor
SDG 1,Financial Aid AND Poverty
SDG 1,Financial Development AND Poverty
SDG 1,Financial Empowerment
SDG 1,Food Bank
SDG 1,Global Poverty
SDG 1,Income Poverty
SDG 1,International Poverty Line
SDG 1,Microfinanc*
SDG 1,Poverty Reduction
SDG 1,Resilience of The Poor
SDG 1,Safety Net AND Poor OR Vulnerable
SDG 1,Sendai Framework for Disaster Risk Reduction
SDG 1,Social Protection AND Access
SDG 1,Social Protection System
SDG 1,Social Protection Systems
SDG 1,Urban Poverty
SDG 2,SDG 2
SDG 2,Agricultural Development
SDG 2,Agricultural Land
SDG 2,Agricultural Management
SDG 2,Agricultural Practices
SDG 2,Agricultural Production
SDG 2,Agricultural Production System
SDG 2,Agricultural Productivity
SDG 2,Agricultural Soils
SDG 2,Agricultural Systems
SDG 2,Agri-Food Supply Chain
SDG 2,Arable Land
SDG 2,Common Agricultural Policy
SDG 2,Conservation Agriculture
SDG 2,Crop
SDG 2,Crops
SDG 2,Crop Growth
SDG 2,Crop Management
SDG 2,Crop Productivity
SDG 2,Crop Yield
SDG 2,Cropping Systems
SDG 2,Dietary Diversity
SDG 2,European Food Safety Authority
SDG 2,Farming System
SDG 2,Farming Systems
SDG 2,Farmyard Manure
SDG 2,Fertilizer
SDG 2,Fertilizer Application Rates
SDG 2,Food Availability
SDG 2,Food Insecurity
SDG 2,Food Prices
SDG 2,Food Production
SDG 2,Food Production Systems
SDG 2,Food Security
SDG 2,Food Security Policy
SDG 2,Food Security Status
SDG 2,Food Security Survey Module
SDG 2,Food Supply
SDG 2,Food Supply Chain
SDG 2,Food Supply Chain Management
SDG 2,Food System
SDG 2,Genetically Modified Food
SDG 2,Global Food Security
SDG 2,Global Food Supply
SDG 2,Global Food System
SDG 2,Good Agricultural Practices 
SDG 2,Grain Yield
SDG 2,Household Dietary Diversity Score
SDG 2,Household Food Insecurity
SDG 2,Household Food Insecurity Access Scale
SDG 2,Household Food Security
SDG 2,Household Food Security Status
SDG 2,Hunger
SDG 2,Integrated Soil Fertility Management 
SDG 2,Irrigation
SDG 2,Land Management
SDG 2,Land Reform
SDG 2,Land Rights
SDG 2,Land Tenure
SDG 2,Local Food Production
SDG 2,Low Food Security
SDG 2,Malnutrition
SDG 2,Malnutrition Universal Screening Tool
SDG 2,Manure
SDG 2,Mini Nutritional Assessment 
SDG 2,Nutritional Risk Screening
SDG 2,Nutritional Status
SDG 2,Obesity
SDG 2,Severe Acute Malnutrition
SDG 2,Smallholder
SDG 2,Smallholder Farmers
SDG 2,Smallholder Farming
SDG 2,Smallholder Farming Systems
SDG 2,Smallholder Farms
SDG 2,Soil Fertility
SDG 2,Soil Fertility Management
SDG 2,Supplemental Nutrition Assistance Program
SDG 2,Sustainable Agriculture
SDG 2,Sustainable Land Management
SDG 2,Urban Food Security
SDG 2,Acute Severe Maternal Undernutrition
SDG 2,Agricultural Export Subsidies
SDG 2,Agricultural Innovation
SDG 2,Agricultural Markets
SDG 2,Agricultural Production
SDG 2,Agriculture AND Potassium
SDG 2,Agroforestry Management
SDG 2,Agroforestry Practices
SDG 2,Doha Development Round
SDG 2,Early Life Nutrition
SDG 2,End Hunger
SDG 2,Fertili?er
SDG 2,Fertiliser Application Rates
SDG 2,Fertilizers
SDG 2,Food Commodity Market
SDG 2,Food Commodity Markets
SDG 2,Food Gap
SDG 2,Food Governance
SDG 2,Food Insecurity Experience Scale
SDG 2,Food Market AND Access
SDG 2,Food Market AND Development Governance
SDG 2,Food Market AND North South Divide
SDG 2,Food Market AND Restriction
SDG 2,Food Market AND Tariff
SDG 2,Food Nutrition Improvement
SDG 2,Food Price Anomalies
SDG 2,Food Price Volatility
SDG 2,Food Productivity
SDG 2,Food Reserves
SDG 2,Food Security AND Genetic Diversity
SDG 2,Food Supply Chain
SDG 2,Food Value Chain
SDG 2,Genetic Diversity AND Cultivated Plants
SDG 2,Genetic Diversity AND Domesticated Animals
SDG 2,Genetic Diversity AND Farmed Animals
SDG 2,Genetic Diversity AND Seeds
SDG 2,Genetically Modified Food
SDG 2,GMO AND Food
SDG 2,Hidden Hunger
SDG 2,High Nutrition Risk
SDG 2,Indicator of Food Price Anomalies
SDG 2,Land Right
SDG 2,Livestock AND Gene Bank
SDG 2,Local Breeds AND Extinction
SDG 2,Malnutrition Risk
SDG 2,Maternal Nutrition
SDG 2,Maternal Periconceptional Undernutrition
SDG 2,Maternal Undernutrition
SDG 2,Nutrition Risk
SDG 2,Periconceptional Undernutrition Alters Fetal Growth
SDG 2,Plant AND Gene Bank
SDG 2,Plant Bank
SDG 2,Prenatal Nutrition
SDG 2,Prepregnancy Nutritional Status
SDG 2,Productive Agriculture
SDG 2,Resilient Agricultural Practices
SDG 2,Resilient Agriculture
SDG 2,Small-Scale Food Producers
SDG 2,Sustainable Food Production
SDG 2,Total Official Flows AND Agriculture
SDG 3,SDG 3
SDG 3,Adolescent Birth Rate
SDG 3,AIDS
SDG 3,Alcohol Use
SDG 3,Alcoholism
SDG 3,Battered Child Syndrome
SDG 3,Cancer*
SDG 3,Cardiovascular Disease
SDG 3,Chagas
SDG 3,Child Abuse
SDG 3,Child Mortality
SDG 3,Child Neglect
SDG 3,Child Well-Being Index
SDG 3,Childbirth Complications
SDG 3,Cholera
SDG 3,Chronic Respiratory Disease
SDG 3,Communicable Disease
SDG 3,Contamination AND Death OR Illness
SDG 3,Dengue
SDG 3,Diabet*
SDG 3,Diarrhea
SDG 3,Dysentery
SDG 3,Ebola
SDG 3,Health Policy
SDG 3,Health Risk
SDG 3,Health System Access
SDG 3,Health System AND  Access OR Accessible 
SDG 3,Healthy Lifestyle
SDG 3,Hepatitis
SDG 3,HIV
SDG 3,Human AND Disease*
SDG 3,Human AND Health*
SDG 3,Human AND Illness*
SDG 3,Human AND Medicine*
SDG 3,Human AND Mortality
SDG 3,Inclusive Health
SDG 3,Indigenous And Health
SDG 3,Infant Mortality
SDG 3,Infectious Disease
SDG 3,Life Expectancy
SDG 3,Malaria
SDG 3,Maternal Health
SDG 3,Maternal Mortality
SDG 3,Measles
SDG 3,Mental Disorder
SDG 3,Mental Health
SDG 3,Neglected Disease
SDG 3,Neonatal Mortality
SDG 3,Obesity
SDG 3,Polio
SDG 3,Polio*
SDG 3,Postnatal Depression
SDG 3,Premature Mortality
SDG 3,Preventable Death
SDG 3,Preventable Deaths
SDG 3,Psychological Harm
SDG 3,Psychological Wellbeing
SDG 3,Public Health
SDG 3,Quality Adjusted Life Year
SDG 3,Schistosomiasis
SDG 3,Sexual Health
SDG 3,Sexually Transmitted Disease
SDG 3,Sleeping Sickness
SDG 3,Social Determinants of Health
SDG 3,Substance Abuse
SDG 3,Substance Addiction
SDG 3,Suicide
SDG 3,Tobacco Addiction
SDG 3,Tobacco Control
SDG 3,Tobacco Use
SDG 3,Traffic Accident
SDG 3,Tropical Disease
SDG 3,Tuberculosis
SDG 3,Typhoid Fever
SDG 3,Vaccin*
SDG 3,Water-Borne Disease
SDG 3,Youth Well-Being Index
SDG 3,Zika Virus
SDG 3,Acute Coronary Syndrome
SDG 3,Acute Respiratory Distress Syndrome
SDG 3,Acute Rheumatic Fever
SDG 3,Affordable Medicines
SDG 3,AIDS
SDG 3,Alcohol Abuse
SDG 3,Alcohol Consumption
SDG 3,Alcohol Use Disorder
SDG 3,Alzheimer'S Disease
SDG 3,Anemia
SDG 3,Antenatal Care
SDG 3,Antineoplastic Agent
SDG 3,Antiretroviral Therapy
SDG 3,Antiretroviral Therapy
SDG 3,Blood Pressure
SDG 3,Body Mass Index
SDG 3,Brain Injury
SDG 3,Breast Cancer
SDG 3,Breast Neoplasms
SDG 3,Cancer Cell
SDG 3,Cardiovascular Risk
SDG 3,Cardiovascular Risk Factors
SDG 3,Cause of Death
SDG 3,Child Deaths
SDG 3,Child Health
SDG 3,Chronic Disease
SDG 3,Chronic Obstructive Pulmonary Disease
SDG 3,Congenital Heart Disease
SDG 3,Contraception
SDG 3,Contraceptive Use
SDG 3,Coronary Artery Disease
SDG 3,COVID-19
SDG 3,Depression
SDG 3,Diabetes
SDG 3,Diet
SDG 3,Disease Burden
SDG 3,Disease Transmission
SDG 3,District Health Boards
SDG 3,Drug Safety
SDG 3,Drug Users
SDG 3,Ebola
SDG 3,Emerging Infectious Disease
SDG 3,Epidemic
SDG 3,Epidemiology
SDG 3,Essential Health-Care Services AND Access
SDG 3,Essential Medicines AND Access
SDG 3,Essential Vaccines AND Access
SDG 3,Family Planning
SDG 3,Fetal Growth Restriction
SDG 3,Gestational Age
SDG 3,Gestational Diabetes
SDG 3,H1N1
SDG 3,Health Care
SDG 3,Health Care Delivery
SDG 3,Health Care Quality
SDG 3,Health Emergency Preparedness
SDG 3,Health Outcomes
SDG 3,Health Service
SDG 3,Health Services
SDG 3,Health System
SDG 3,Health Worker
SDG 3,Health Worker Density
SDG 3,Heart Disease
SDG 3,Heart Failure
SDG 3,Hepatitis
SDG 3,HIV
SDG 3,HIV Infection
SDG 3,Huntington's Disease
SDG 3,Hypertension
SDG 3,Immunology
SDG 3,Inflammatory Bowel Disease
SDG 3,Intensive Care Unit
SDG 3,International Health Policy
SDG 3,International Health Regulations
SDG 3,Live Birth Rate
SDG 3,Low Birth Weight
SDG 3,Lung Cancer
SDG 3,Lung Disease
SDG 3,Major Depressive Disorder
SDG 3,Maternal Mortality
SDG 3,Maternal Mortality Rate
SDG 3,Medical Care
SDG 3,Medicine
SDG 3,Mental Disease
SDG 3,Mental Health Care
SDG 3,Mental Health Service
SDG 3,MERS
SDG 3,Myocardial Infarction
SDG 3,Narcotic Drug Abuse
SDG 3,Neglected Tropical Disease
SDG 3,Neonatal Intensive Care
SDG 3,Neonatal Mortality Rate
SDG 3,Neoplasm
SDG 3,Nonalcoholic Fatty Liver Disease
SDG 3,Non-Communicable Disease
SDG 3,Non-Small Cell Lung Cancer
SDG 3,Official Development Assistance AND Medical OR Basic Health
SDG 3,Pandemic
SDG 3,Parkinson'S Disease
SDG 3,Patient Satisfaction
SDG 3,Pneumonia
SDG 3,Pollution AND Death* OR Illness*
SDG 3,Post-Traumatic Stress Disorder
SDG 3,Pregnancy
SDG 3,Pregnant Women
SDG 3,Primary Care
SDG 3,Reproductive Health
SDG 3,Reproductive Health Care
SDG 3,Respiratory Distress Syndrome
SDG 3,Respiratory Tract Infection
SDG 3,Rheumatic Heart Disease
SDG 3,SARS
SDG 3,Severity of Illness Index
SDG 3,Sexual And Reproductive Health-Care
SDG 3,Sexual Risk Behavior
SDG 3,Sexually Transmitted Infection
SDG 3,Smoking Cessation
SDG 3,Substance Use Disorders
SDG 3,Sudden Infant Death Syndrome
SDG 3,Suicide Mortality Rate
SDG 3,The Trips Agreement And Public Health
SDG 3,Traffic Accident AND Death* OR Injur*
SDG 3,Traumatic Brain Injury
SDG 3,Tumor
SDG 3,Tumor Necrosis Factor
SDG 3,Under-5 Mortality
SDG 3,Universal Health
SDG 3,Universal Health Coverage
SDG 3,Vaccination
SDG 3,Vaccine
SDG 3,Vaccine Preventable Diseases
SDG 3,"Water, Sanitation and Hygiene"
SDG 3,Water-Borne Disease
SDG 3,World Health Organization
SDG 3,World Obesity Federation
SDG 4,SDG 4
SDG 4,Academic Achievement
SDG 4,Adult Basic Education
SDG 4,Basic Education
SDG 4,Basic Education Development Index
SDG 4,Compulsory Secondary Education
SDG 4,Dynamic Indicators of Basic Early Literacy Skills
SDG 4,Early Childhood Development
SDG 4,Early Childhood Education
SDG 4,Early Childhood Education Policy
SDG 4,Early Childhood Special Education
SDG 4,Early Years Learning Framework
SDG 4,Education Institutions
SDG 4,Education Policy
SDG 4,Education Reform
SDG 4,Education Reform
SDG 4,Education Research
SDG 4,Educational Attainment
SDG 4,Educational Inequality
SDG 4,Educational Status
SDG 4,Elementary School
SDG 4,European Higher Education Area
SDG 4,Formal Education
SDG 4,Global Citizenship Education
SDG 4,Global Education Reform Movement
SDG 4,High School
SDG 4,High School Education
SDG 4,High School Graduation Rates
SDG 4,Higher Education
SDG 4,Higher Education Institutions
SDG 4,Higher Education Policy
SDG 4,Higher Education Reform
SDG 4,Inclusive Education
SDG 4,Individualized Education Program
SDG 4,Individuals with Disabilities Education Improvement Act
SDG 4,Initial Teacher Education
SDG 4,Inservice Teacher Training
SDG 4,Learning Environment
SDG 4,Learning Opportunities
SDG 4,Learning Outcomes
SDG 4,Lifelong Learning
SDG 4,Literacy
SDG 4,Literacy Skills
SDG 4,Lower Secondary Education
SDG 4,Massive Open Online Courses
SDG 4,National Assessment Program – Literacy and Numeracy
SDG 4,Open Educational Resources
SDG 4,Open Educational Resources 
SDG 4,Pedagogical Content Knowledge
SDG 4,Pre-Service Teacher Education
SDG 4,Primary Education
SDG 4,Primary School
SDG 4,Professional Development
SDG 4,Programme for International Student Assessment 
SDG 4,Public Education
SDG 4,Public Schools
SDG 4,School Attendance
SDG 4,School Enrollment
SDG 4,Science Technology Engineering Mathematics
SDG 4,Secondary Education
SDG 4,Secondary School
SDG 4,Special Education
SDG 4,Teacher Education
SDG 4,Teacher Training
SDG 4,Tertiary Education
SDG 4,The Dundee Ready Educational Environment Measure
SDG 4,Universal Primary Education
SDG 4,Upper Secondary Education
SDG 4,Upper Secondary School
SDG 4,Vocational Education
SDG 4,Vocational Training
SDG 4,Access AND Technical Education
SDG 4,Access AND Tertiary Education
SDG 4,Access AND Vocational Education
SDG 4,Adult Literacy
SDG 4,Affordable Education
SDG 4,Child Labour
SDG 4,Childhood Curriculum
SDG 4,Completion Rate AND Primary Education OR Secondary Education
SDG 4,Culturally Diverse Students
SDG 4,Curriculum Reform
SDG 4,Developing Countries AND School Effects
SDG 4,Development Aid AND Teacher Training
SDG 4,Discriminatory
SDG 4,Early Childhood Care
SDG 4,Early Childhood Curriculum
SDG 4,Early Childhood Education
SDG 4,Early Childhood Pedagogy
SDG 4,Education Dropouts
SDG 4,Education Exclusion
SDG 4,Education Expenditure
SDG 4,Education Facilities
SDG 4,Education Indicators
SDG 4,Education Policy
SDG 4,Education Quality
SDG 4,Educational Access
SDG 4,Educational Enrolment
SDG 4,Educational Environment
SDG 4,Educational Financial Aid
SDG 4,Educational Gap
SDG 4,Educational Governance
SDG 4,Educational Outcomes
SDG 4,Educational Reform AND Developing Countries
SDG 4,Environmental Education
SDG 4,Equal Access AND Education
SDG 4,Equal Education
SDG 4,Equal Opportunities
SDG 4,Foreign Aid
SDG 4,Formal Education
SDG 4,Gender Disparity AND Education
SDG 4,Global Citizenship
SDG 4,Inclusive Education System
SDG 4,Information And Communications Technology Skills
SDG 4,International Education
SDG 4,Learning Opportunities AND Gender Disparities OR Empowerment
SDG 4,Lifelong Learning Opportunities
SDG 4,Māori And Pacific Admission Scheme
SDG 4,National Education Policies
SDG 4,Non-Formal Education
SDG 4,Numeracy
SDG 4,Numeracy Rate
SDG 4,Official Development Assistance AND Scholarship* OR Education
SDG 4,Organized Learning
SDG 4,Pasifika Early Childhood Education
SDG 4,Poverty Trap AND Schooling
SDG 4,Pre-Primary Education
SDG 4,Pre-Service Early Childhood Education
SDG 4,Professional Learning
SDG 4,Safe OR Non-Violent OR Inclusive OR Effective AND Learning Environment*
SDG 4,Safety In School
SDG 4,Scholarships
SDG 4,School Curriculum
SDG 4,School Enrolment
SDG 4,School Enrolment
SDG 4,School Safety
SDG 4,Schooling AND Ethnic Disparities
SDG 4,Schooling AND Gender Disparities
SDG 4,Schooling AND Racial Disparities
SDG 4,Special Education Needs
SDG 4,Special Education Policy
SDG 4,Student Assessment
SDG 4,Sustainable Development Education
SDG 4,Teacher Attrition
SDG 4,Teacher Training AND Developing Countries
SDG 4,Technology Education
SDG 4,Tertiary Institutions
SDG 4,Universal Education
SDG 4,Women Empowerment
SDG 4,Youth Empowerment
SDG 5,SDG 5
SDG 5,Adolescent Sexual and Reproductive Health
SDG 5,Battered Women
SDG 5,Child Sexual Abuse
SDG 5,Child Sexual Exploitation
SDG 5,Commercial Sexual Exploitation
SDG 5,Commercial Sexual Exploitation of Children
SDG 5,Domestic Minor Sex Trafficking
SDG 5,Domestic Violence
SDG 5,Domestic Violence Abuse 
SDG 5,Family Violence
SDG 5,Female Genital Mutilation
SDG 5,Female Labour Force
SDG 5,Female Labour Force Participation
SDG 5,Female Sex Workers 
SDG 5,Feminism
SDG 5,Gender Discrimination
SDG 5,Gender Disparities
SDG 5,Gender Equality
SDG 5,Gender Equity
SDG 5,Gender Gap
SDG 5,Gender Inequality
SDG 5,Gender Wage Gap
SDG 5,Gender-Based Violence
SDG 5,International Human Rights Law
SDG 5,Intimate Partner Violence
SDG 5,Intimate Partner Violence Against Women
SDG 5,Lesbian Gay Bisexual Transgender
SDG 5,"Physical, Psychological and Sexual Violence"
SDG 5,Psychological Physical Sexual Emotional Violence
SDG 5,Reproductive Health
SDG 5,Reproductive Rights
SDG 5,Sex Offenses
SDG 5,Sexism
SDG 5,Sexual Abuse
SDG 5,Sexual and Reproductive Health
SDG 5,Sexual and Reproductive Health and Rights
SDG 5,Sexual and Reproductive Health Care
SDG 5,Sexual Assault
SDG 5,Sexual Crime
SDG 5,Sexual Education
SDG 5,Sexual Gender-Based Violence
SDG 5,Sexual Violence
SDG 5,Spouse Abuse
SDG 5,Violence Against Women Act
SDG 5,Women's Empowerment
SDG 5,Women's Rights
SDG 5,Access AND Family Planning Services
SDG 5,Access AND Reproductive Healthcare
SDG 5,Agrarian Feminism
SDG 5,Antiwomen
SDG 5,Benevolent Sexism
SDG 5,Child Marriage
SDG 5,Contraceptive Behaviour
SDG 5,Contraceptive Use
SDG 5,Discrimination AND Women OR Girls
SDG 5,Early Marriage
SDG 5,Employment Equity
SDG 5,Empower Girls
SDG 5,Empower Women
SDG 5,Empowerment of Women
SDG 5,Equality AND Divorce Rights
SDG 5,Equality AND Reproductive Rights
SDG 5,Equality AND Sexual Rights
SDG 5,Female Entrepreneurship
SDG 5,Female Exploitation
SDG 5,Female Genital Mutilation
SDG 5,Female Genital Mutilation
SDG 5,Female Infanticide
SDG 5,Female Leader
SDG 5,Female Managers
SDG 5,Female Ownership
SDG 5,Female Political Participation
SDG 5,Female Politician
SDG 5,Female Smallholder
SDG 5,Feminist Critiques
SDG 5,Forced Marriage
SDG 5,Forced Marriages
SDG 5,Forced Prostitution
SDG 5,Foreign Aid AND Women's Empowerment
SDG 5,Gender Inequality
SDG 5,Gender Injustice
SDG 5,Gender Mainstreaming
SDG 5,Gender Parity
SDG 5,Gender Participation
SDG 5,Gender Quota
SDG 5,Gender Segregation
SDG 5,Gender-Based Violence
SDG 5,Gender-Responsive Budgeting
SDG 5,Honour Killing
SDG 5,Hostile Sexism
SDG 5,Household Equity
SDG 5,Human Trafficking
SDG 5,Information and Communications Technology AND Women OR Female
SDG 5,Intra-Household Allocation
SDG 5,Managerial Positions AND Women OR Female
SDG 5,Microfinance
SDG 5,Misogyny
SDG 5,Occupational Segregation
SDG 5,Physical and Sexual Abuse
SDG 5,Physical and Sexual Violence
SDG 5,Physical Violence AND Women OR Girls
SDG 5,Psychological Violence AND Women OR Girls
SDG 5,Reproductive Health Care
SDG 5,Sexual and Reproductive Health
SDG 5,Sexual and Reproductive Health Rights
SDG 5,Sexual and Reproductive Primary Care
SDG 5,Sexual Exploitation
SDG 5,Sexual Exploitation and Abuse
SDG 5,Unpaid Care Work AND Gender Inequality
SDG 5,Unpaid Work AND Gender Inequality
SDG 5,Violence Against Women
SDG 5,Violence AND Women OR Girls
SDG 5,Women AND Violence
SDG 5,Women In Leadership
SDG 5,Women Labour Force Participation
SDG 5,Women's Autonomy
SDG 5,Women's Economic Development
SDG 5,Womens' Employment
SDG 5,Women's Empowerment
SDG 5,Women's Livelihood
SDG 5,Women's Ownership
SDG 5,Women's Power
SDG 5,Women's Sexual and Reproductive Health
SDG 5,Women's Underrepresentation
SDG 5,Women's Unemployment
SDG 6,SDG 6
SDG 6,Access AND Safe Drinking Water
SDG 6,Activated Sludge
SDG 6,Activated Sludge Process
SDG 6,Advanced Wastewater Treatment
SDG 6,Aquatic Ecosystems
SDG 6,Aquatic Environment
SDG 6,Aquifer
SDG 6,Chemical Oxygen Demand
SDG 6,Clean Drinking Water
SDG 6,Clean Water
SDG 6,Desalination
SDG 6,Domestic Wastewater Treatment
SDG 6,Drinking Water
SDG 6,Drinking Water Distribution
SDG 6,Drinking Water Distribution Systems
SDG 6,Drinking Water Quality
SDG 6,Drinking Water Sources
SDG 6,Drinking Water Supply
SDG 6,Drinking Water Treatment
SDG 6,Drinking Water Treatment Plants
SDG 6,Fresh Water
SDG 6,Freshwater Resources
SDG 6,Groundwater Pollution
SDG 6,Groundwater Quality
SDG 6,Groundwater Resources
SDG 6,Integrated Water Resources Management
SDG 6,Irrigation Water
SDG 6,Membrane Bioreactor
SDG 6,Moving Bed Biofilm Reactor
SDG 6,Potable Water
SDG 6,Quality Drinking Water
SDG 6,Quality Water
SDG 6,Recycled Water
SDG 6,Recycled Water
SDG 6,Reverse Osmosis
SDG 6,Safe Drinking Water
SDG 6,Sewage Treatment
SDG 6,Sewage Treatment Plant
SDG 6,Sewage Treatment Plants
SDG 6,Soil Water Assessment Tool
SDG 6,Sustainable Water Management
SDG 6,Tap Water
SDG 6,Total Suspended Solids
SDG 6,Treated Water
SDG 6,Urban Wastewater
SDG 6,Urban Wastewater Treatment
SDG 6,Urban Wastewater Treatment Plants
SDG 6,Waste Water
SDG 6,Waste Water Management
SDG 6,Waste Water Treatment
SDG 6,Wastewater
SDG 6,Wastewater Effluent
SDG 6,Wastewater Reclamation
SDG 6,Wastewater Reuse
SDG 6,Wastewater Treatment
SDG 6,Wastewater Treatment Facility
SDG 6,Wastewater Treatment Plant
SDG 6,Wastewater Treatment Process
SDG 6,Wastewater Treatment System
SDG 6,Wastewater Treatment Technology
SDG 6,Water Analysis
SDG 6,Water Availability
SDG 6,Water Bodies
SDG 6,Water Conservation
SDG 6,Water Contamination
SDG 6,Water Demand
SDG 6,Water Desalination
SDG 6,Water Distribution System
SDG 6,Water Efficiency
SDG 6,Water Environment
SDG 6,Water Filtration
SDG 6,Water Footprint
SDG 6,Water Management
SDG 6,Water Pollutant
SDG 6,Water Pollution
SDG 6,Water Purification
SDG 6,Water Quality
SDG 6,Water Quality Index
SDG 6,Water Quality Parameters
SDG 6,Water Quality Standards
SDG 6,Water Recycling
SDG 6,Water Resource
SDG 6,Water Resource Management
SDG 6,Water Reuse
SDG 6,Water Scarcity
SDG 6,Water Source
SDG 6,Water Stress
SDG 6,Water Supply
SDG 6,Water Supply System
SDG 6,Water Treatment
SDG 6,Water Treatment Plants
SDG 6,Water Treatment Processes
SDG 6,Water Use
SDG 6,"Water, Sanitation and Hygiene"
SDG 6,Affordable Drinking Water
SDG 6,Black Water
SDG 6,Blue Water
SDG 6,Clean AND Drinking Water
SDG 6,Clean AND Water Source
SDG 6,Dairy Farm Wastewater
SDG 6,Domestic Wastewater
SDG 6,Drinking Water Services
SDG 6,Equitable Sanitation
SDG 6,Freshwater AND Groundwater
SDG 6,Freshwater AND Sanit*
SDG 6,Freshwater AND Sewer*
SDG 6,Freshwater AND Waste Water AND “Treatment”
SDG 6,Freshwater AND Water Conservation
SDG 6,Freshwater AND Water Footprint
SDG 6,Freshwater AND Water Infrastructure
SDG 6,Freshwater AND Water Pollution
SDG 6,Freshwater AND Water Purification
SDG 6,Freshwater AND Water Quality AND Pollutant
SDG 6,Freshwater AND Water Security AND “Treatment”
SDG 6,Freshwater AND Water Shortage AND “Treatment”
SDG 6,Freshwater AND Water Use
SDG 6,Freshwater Availability
SDG 6,Freshwater Ecosystems
SDG 6,Green Water
SDG 6,Grey Water
SDG 6,Hand-Washing Facility
SDG 6,Inadequate Water Supply
SDG 6,Industrial Wastewater
SDG 6,Industrial Wastewater Treatment
SDG 6,Lake Water Quality
SDG 6,Official Development Assistance AND Water AND Sanitation 
SDG 6,Open Defecation
SDG 6,Pit Lake Water Quality
SDG 6,Protect* AND Aquifer*
SDG 6,Protect* AND Water AND Ecosystem*
SDG 6,Protect* AND Wetland*
SDG 6,Restor* AND Aquifer*
SDG 6,Restor* AND Water AND Ecosystem*
SDG 6,Restor* AND Wetland*
SDG 6,River Bank Filtration
SDG 6,Safe AND Drinking Water
SDG 6,Safe AND Water Access
SDG 6,Sanitation Services
SDG 6,Sustainable Supply AND Freshwater
SDG 6,Sustainable Withdrawals AND Freshwater
SDG 6,Transboundary Cooperation
SDG 6,Ultrafiltration
SDG 6,Untreated Wastewater
SDG 6,Wastewater Treatment Systems
SDG 6,Water AND Ecosystem AND Endocrine Disruptor AND Not Marine
SDG 6,Water AND Ecosystem AND Protection of AND Not Marine
SDG 6,Water AND Quality AND Antifouling Membrane
SDG 6,Water AND Quality AND Aquatic Ecotoxicology
SDG 6,Water AND Quality AND Aquatic Toxicology
SDG 6,Water AND Quality AND Clean Water
SDG 6,Water AND Quality AND Hygienic Toilet
SDG 6,Water AND Quality AND Water Management
SDG 6,Water AND Quality AND Water Supply
SDG 6,Water AND Quality AND Water-Use Efficiency
SDG 6,Water AND Resource AND Antifouling Membrane
SDG 6,Water AND Resource AND Aquatic Ecotoxicology
SDG 6,Water AND Resource AND Aquatic Toxicology
SDG 6,Water AND Resource AND Clean Water
SDG 6,Water AND Resource AND Hygienic Toilet
SDG 6,Water AND Resource AND Water Management
SDG 6,Water AND Resource AND Water Supply
SDG 6,Water AND Resource AND Water-Use Efficiency
SDG 6,Water AND Sanitation & Hygiene AND Antifouling Membrane
SDG 6,Water AND Sanitation & Hygiene AND Aquatic Ecotoxicology
SDG 6,Water AND Sanitation & Hygiene AND Aquatic Toxicology
SDG 6,Water AND Sanitation & Hygiene AND Clean Water
SDG 6,Water AND Sanitation & Hygiene AND Hygienic Toilet
SDG 6,Water AND Sanitation & Hygiene AND Water Management
SDG 6,Water AND Sanitation & Hygiene AND Water Supply
SDG 6,Water AND Sanitation & Hygiene AND Water-Use Efficiency
SDG 6,Water AND Sanitation AND Hygiene AND Antifouling Membrane
SDG 6,Water AND Sanitation AND Hygiene AND Aquatic Ecotoxicology
SDG 6,Water AND Sanitation AND Hygiene AND Aquatic Toxicology
SDG 6,Water AND Sanitation AND Hygiene AND Clean Water
SDG 6,Water AND Sanitation AND Hygiene AND Hygienic Toilet
SDG 6,Water AND Sanitation AND Hygiene AND Water Management
SDG 6,Water AND Sanitation AND Hygiene AND Water Supply
SDG 6,Water AND Sanitation AND Hygiene AND Water-Use Efficiency
SDG 6,Water and Sanitation Management
SDG 6,Water AND Water Management AND Pollutant Removal
SDG 6,Water AND Water Management AND Pollution Remediation
SDG 6,Water Cooperation
SDG 6,Water Ecosystems
SDG 6,Water Harvesting
SDG 6,Water Pollution AND Waste Water AND “Treatment”
SDG 6,Water Resources Management
SDG 6,Water Sources
SDG 6,Water Supplies
SDG 6,Water Supply Resilience
SDG 6,Water Supply Systems
SDG 6,Water-Related Ecosystems
SDG 6,Water-Use Efficiency
SDG 7,SDG 7
SDG 7,net zero
SDG 7,decarbonization
SDG 7,Alternative Energy Sources
SDG 7,Battery Electric Vehicles
SDG 7,Battery Energy Storage System
SDG 7,Biofuel
SDG 7,Blade Element Momentum Theory
SDG 7,Bulk Heterojunction Solar Cells
SDG 7,Clean Energy
SDG 7,Compressed Air Energy Storage
SDG 7,Concentrated Solar Power
SDG 7,Dye-Sensitized Solar Cells 
SDG 7,Energy Conversion System
SDG 7,Energy Efficiency
SDG 7,Energy Management System
SDG 7,Energy Storage System
SDG 7,Energy Storage System 
SDG 7,Fuel Cell
SDG 7,Home Energy Management System
SDG 7,Horizontal Axis Wind Turbine
SDG 7,Hybrid Electric Vehicles
SDG 7,Hybrid Energy Storage System
SDG 7,Hybrid Energy System
SDG 7,Hybrid Power Generation System
SDG 7,Hybrid Renewable Energy System
SDG 7,Hybrid Renewable Energy System
SDG 7,Hydroelectric Power
SDG 7,Intermittent Renewable Energy
SDG 7,Intermittent Renewable Energy Sources
SDG 7,Large Scale Wind Power
SDG 7,Large-Scale Wind Power Integration
SDG 7,Lithium Ion Battery
SDG 7,Maximum Power Point Tracking
SDG 7,National Renewable Energy Laboratory
SDG 7,Offshore Wind Energy
SDG 7,Offshore Wind Farm
SDG 7,Offshore Wind Turbines
SDG 7,Organic Solar Cells
SDG 7,Permanent Magnet Synchronous Generator
SDG 7,Perovskite Solar Cells
SDG 7,Photocatalytic Water Splitting
SDG 7,Photoelectrochemical Pec Water Splitting
SDG 7,Photoelectrochemical Water Splitting
SDG 7,Photovoltaic
SDG 7,Photovoltaic Cells
SDG 7,Photovoltaic System
SDG 7,Plugin Electric Vehicles
SDG 7,Plugin Hybrid Electric Vehicle
SDG 7,Polymer Solar Cells
SDG 7,Renewable Energy
SDG 7,Renewable Energy Generation
SDG 7,Renewable Energy Production
SDG 7,Renewable Energy Source
SDG 7,Renewable Energy System
SDG 7,Renewable Energy Technologies
SDG 7,Renewable*
SDG 7,Smart Grid
SDG 7,Smart Grid Technology
SDG 7,Smart Meter
SDG 7,Smart Power Grids
SDG 7,Solar Cell
SDG 7,Solar Energy
SDG 7,Solar Energy Conversion
SDG 7,Solar Energy Conversion Efficiency
SDG 7,Solar Power
SDG 7,Superconducting Magnetic Energy Storage
SDG 7,Sustainable Energy
SDG 7,Thermal Energy
SDG 7,Thermal Energy Storage
SDG 7,Thermal Power Plants
SDG 7,Variable Speed Wind Turbine
SDG 7,Vertical Axis Wind Turbine
SDG 7,Water Splitting
SDG 7,Wind Energy
SDG 7,Wind Energy Conversion
SDG 7,Wind Energy Conversion System
SDG 7,Wind Energy System
SDG 7,Wind Farm
SDG 7,Wind Power Development
SDG 7,Wind Power Generation
SDG 7,Wind Power Generation System
SDG 7,Wind Power Generator
SDG 7,Wind Power Integration
SDG 7,Wind Power Penetration
SDG 7,Wind Power Plants
SDG 7,Wind Power System
SDG 7,Wind Turbine
SDG 7,Wind Turbine Blade
SDG 7,Wind Turbine Generator
SDG 7,Wind Turbine Generator System
SDG 7,Wind Turbine Power Curve
SDG 7,2000 Watt Society
SDG 7,Advanced Fossil-Fuel Technology
SDG 7,Affordable Electricity
SDG 7,Affordable Energy
SDG 7,Alternative Energy
SDG 7,Battery Energy Storage
SDG 7,Clean Cooking Fuel
SDG 7,Clean Energy Development
SDG 7,Clean Energy Research
SDG 7,Clean Energy Technology
SDG 7,Clean Fuel
SDG 7,Clean Fuel
SDG 7,Clean Fuel Technology
SDG 7,Clean Fuels
SDG 7,Cleaner Fossil Fuel Technology
SDG 7,Cleaner Fossil-Fuel Technology
SDG 7,Dielectric Elastomer Generators
SDG 7,Diffuser-Augmented Wind Turbine 
SDG 7,District Heat
SDG 7,Domestic Energy Consumption
SDG 7,Electric Vehicle 
SDG 7,Electricity Consumption
SDG 7,Electromagnetic Energy Harvester
SDG 7,Energiewende
SDG 7,Energy Access
SDG 7,Energy Conservation
SDG 7,Energy Consumption
SDG 7,Energy Development AND Developing Countries
SDG 7,Energy Equity
SDG 7,Energy Governance
SDG 7,Energy Infrastructure
SDG 7,Energy Intensity AND GDP
SDG 7,Energy Intensity AND Primary Energy
SDG 7,Energy Justice
SDG 7,Energy Ladder
SDG 7,Energy Policy
SDG 7,Energy Poverty
SDG 7,Energy Research
SDG 7,Energy Security
SDG 7,Energy Storage
SDG 7,Energy Technology
SDG 7,Energy Transition
SDG 7,Foreign Development Aid AND Renewable Energy
SDG 7,Fuel Poverty
SDG 7,Fuel Switching
SDG 7,Galloping-Based Piezoelectric Energy Harvester
SDG 7,Heat Network
SDG 7,Hybrid Energy
SDG 7,Hybrid Energy Storage
SDG 7,Hydroelectric
SDG 7,Hydrogen Production
SDG 7,Life-Cycle Assessment
SDG 7,Lithium-Ion Battery
SDG 7,Low-Carbon Society
SDG 7,Modern Electricity
SDG 7,Modern Energy
SDG 7,Official Development Assistance AND Electricity
SDG 7,Photocatalytic Activity
SDG 7,Photochemistry AND Renewable Energy
SDG 7,Power Consumption
SDG 7,Reliable Electricity
SDG 7,Reliable Energy
SDG 7,Renewable Energy
SDG 7,Renewable Energy Resources
SDG 7,Renewable Power
SDG 7,Residential Energy Consumption
SDG 7,Rural Electrification
SDG 7,Smart Microgrid
SDG 7,Solar Radiation AND Electricity
SDG 7,Sustainable Energy Services
SDG 7,Wind Power
SDG 7,Wind Turbine System
SDG 8,SDG 8
SDG 8,Active Labour Market Policies
SDG 8,Circular Economy
SDG 8,Circular Economy
SDG 8,Computable General Equilibrium
SDG 8,Computable General Equilibrium Model
SDG 8,Economic Activity
SDG 8,Economic Development
SDG 8,Economic Development Level
SDG 8,Economic Growth
SDG 8,Economic Growth
SDG 8,Economic Growth AND Renewable Energy
SDG 8,Economic Growth AND Trade Openness
SDG 8,Economic Growth Rates
SDG 8,Economic Impact
SDG 8,Ecotourism
SDG 8,Electricity Consumption AND Economic Growth
SDG 8,Financial Development AND Economic Growth
SDG 8,Financial Development Trade Openness
SDG 8,General Equilibrium Model AND Econ*
SDG 8,Gross Domestic Product Growth
SDG 8,Gross Domestic Product per Capita
SDG 8,Human Capital Economic Growth
SDG 8,Job Creation
SDG 8,Job Destruction
SDG 8,Labor Market Institutions
SDG 8,Labour Market
SDG 8,Local Economic Development
SDG 8,Micro And Small Enterprises
SDG 8,"Micro, Small And Medium Enterprises"
SDG 8,Micro-Enterprises
SDG 8,Microfinanc*  
SDG 8,Microfinance
SDG 8,Microfinance Institutions
SDG 8,Negative Impact AND Economic Growth
SDG 8,Real Gross Domestic Product
SDG 8,Small And Medium Enterprise
SDG 8,"Small, Medium And Micro Enterprises"
SDG 8,Socio-Economic Development
SDG 8,Sustainable Economic
SDG 8,Sustainable Economic Development
SDG 8,Sustainable Economic Growth
SDG 8,Sustainable Growth
SDG 8,Sustainable Tourism AND GDP
SDG 8,Sustainable Tourism Development
SDG 8,Tourism AND Economic Growth
SDG 8,Tourism Development AND Gdp
SDG 8,Trade Union
SDG 8,Trade Union Movement
SDG 8,Access to Banking
SDG 8,Aid for Trade
SDG 8,Average Hourly Earnings
SDG 8,Carbon Offset
SDG 8,Child Labour
SDG 8,Child Soldier
SDG 8,Child Soldiers
SDG 8,Climate Action
SDG 8,Community-Based Tourism
SDG 8,Community-Based Tourism
SDG 8,Cradle to Cradle  AND  Economy
SDG 8,Decent Job
SDG 8,Decent Work
SDG 8,Domestic Financial Institutions
SDG 8,Domestic Material Consumption
SDG 8,Economic Benefits
SDG 8,Economic Decoupling
SDG 8,Economic Development Policy
SDG 8,Economic Development Strategy
SDG 8,Economic Diversification
SDG 8,Economic Globalisation
SDG 8,Economic Growth AND Employment
SDG 8,Economic Growth AND Productivity
SDG 8,Economic Growth Rate
SDG 8,Economic Productivity
SDG 8,Employment Contracts Act
SDG 8,Employment Opportunities
SDG 8,Employment Policy
SDG 8,Employment Protection
SDG 8,Entrepreneurship
SDG 8,Equal Income
SDG 8,Equal Pay for Work of Equal Value
SDG 8,Equal Wages
SDG 8,Fatal Occupational Injuries
SDG 8,Financial Access
SDG 8,Financial Inclusion
SDG 8,Forced Labour
SDG 8,Foreign Development Investment
SDG 8,Full Employment
SDG 8,Global Jobs
SDG 8,Global Jobs Pact
SDG 8,Global Trade
SDG 8,Growth Rate AND Real Gdp
SDG 8,Human Trafficking
SDG 8,Inclusive Economic Growth
SDG 8,Inclusive Economy
SDG 8,Inclusive Growth
SDG 8,Informal Employment
SDG 8,International Labour Organization
SDG 8,Labour Market
SDG 8,Labour Market Disparities
SDG 8,Labour Market Institution
SDG 8,Labour Right
SDG 8,Labour rights
SDG 8,Living Wage
SDG 8,Local Economic Development Policy
SDG 8,Low-Carbon Economy
SDG 8,Material Footprint
SDG 8,Medium Enterprise
SDG 8,Medium Entrepreneur
SDG 8,Micro Finance
SDG 8,"Micro-, Small- And Medium-Sized Enterprises"
SDG 8,Microcredit*
SDG 8,Microenterprise*
SDG 8,Migrant Workers
SDG 8,Minimum Wage
SDG 8,Modern Slavery
SDG 8,Non-Fatal Occupational Injuries
SDG 8,"Not In Education, Employment, or Training"
SDG 8,Offset Project
SDG 8,per Capita Gross Domestic Product
SDG 8,Precarious Employment
SDG 8,Precarious Job
SDG 8,Productive Employment
SDG 8,Quality Job
SDG 8,Quality Jobs
SDG 8,Rate of Economic Growth
SDG 8,Resource Efficiency
SDG 8,Rural Economy
SDG 8,Safe Work
SDG 8,Safe Working Environment
SDG 8,Safe Working Environments
SDG 8,Secure Work
SDG 8,Secure Working Environments
SDG 8,Small Business
SDG 8,Small Enterprise
SDG 8,Small Enterprises
SDG 8,Small Entrepreneur
SDG 8,Social Entrepreneurship
SDG 8,Stable Employment
SDG 8,Stable Jobs
SDG 8,Starting Entrepreneur
SDG 8,Sustainable Tourism
SDG 8,Sustainable Tourism Policy
SDG 8,The 10-Year Framework of Programmes on Sustainable Consumption And Production
SDG 8,The Enhanced Integrated Framework for Trade-Related Technical Assistance to Least Developed Countries
SDG 8,The International Labour Organization
SDG 8,Total Factor Productivity
SDG 8,Total Factor Productivity Growth
SDG 8,Tourism AND GDP
SDG 8,Tourism Economics
SDG 8,Tourism Employment
SDG 8,Unemployment
SDG 8,Unemployment Rate
SDG 8,Work Opportunities
SDG 8,Working Poor
SDG 8,World Trade
SDG 8,Youth Employment
SDG 8,Youth Minimum Wage
SDG 8,Youth Unemployment
SDG 9,SDG 9
SDG 9,Inclusive OR Sustainable AND Industrialization
SDG 9,Access AND Information and Communications Technology
SDG 9,Access to the Internet
SDG 9,Accessible Transportation
SDG 9,Asian Infrastructure Investment Bank
SDG 9,Broadband Access AND Developing Countries
SDG 9,Clean Industrial Processes
SDG 9,Clean Technologies
SDG 9,Closed Loop Supply Chain
SDG 9,Community Innovation Survey
SDG 9,Conducive Policy AND Industrial Diversification
SDG 9,Conducive Policy AND Inter Alia
SDG 9,Conducive Policy AND Value Addition
SDG 9,Cradle To Cradle AND Industry
SDG 9,Development AND Information Communication Technology
SDG 9,Development AND Small Medium Enterprises
SDG 9,Domestic Technology Development
SDG 9,Environmentally Sound Industrial Processes
SDG 9,Environmentally Sound Technologies
SDG 9,Foster Innovation
SDG 9,Green Product
SDG 9,ICT Infrastructure
SDG 9,Inclusive Innovation
SDG 9,Inclusive Transportation
SDG 9,Industrial Development
SDG 9,Industrial Diversification
SDG 9,Industrial Emissions AND Mitigation
SDG 9,Industrial Growth
SDG 9,Industrial Performance
SDG 9,Industrial Waste Management
SDG 9,Industrial Waste Treatment
SDG 9,Industrial  AND Innovation
SDG 9,Industry 4.0
SDG 9,Information and Communications Technology for Development
SDG 9,Infrastructural Development
SDG 9,Infrastructure Development
SDG 9,Infrastructure Investment
SDG 9,Infrastructure Investment
SDG 9,Innovation Management
SDG 9,Innovation Processes
SDG 9,Innovation System
SDG 9,Manufacturing Employment
SDG 9,Manufacturing Firms
SDG 9,Manufacturing Industry
SDG 9,Manufacturing Innovation
SDG 9,Manufacturing Investment
SDG 9,Manufacturing Value
SDG 9,Medium Enterprise
SDG 9,Medium Entrepreneur
SDG 9,Microenterprise*
SDG 9,Official Development Assistance AND Infrastructure
SDG 9,Official International Support AND Infrastructure
SDG 9,Process Innovation
SDG 9,Product AND Process Innovation
SDG 9,Product Innovation
SDG 9,Public Infrastructure
SDG 9,Public Infrastructure
SDG 9,R&D Investment
SDG 9,Regional Infrastructure
SDG 9,Regional Innovation System
SDG 9,Resilient Infrastructure
SDG 9,Resilient Infrastructure
SDG 9,Resource-Use Efficiency
SDG 9,Retrofit Industries AND Sustainable
SDG 9,Small Enterprise
SDG 9,Small Entrepreneur
SDG 9,Small-Scale Industries
SDG 9,Sustainable Industrialisation
SDG 9,Sustainable Infrastructure
SDG 9,Sustainable Manufacturing
SDG 9,Sustainable Transportation
SDG 9,Technological Innovation
SDG 9,Technology Innovation
SDG 9,The National Innovation System 
SDG 9,Traffic Congestion
SDG 9,Transborder Infrastructure
SDG 9,Transborder Infrastructure
SDG 9,Transportation Services
SDG 9,Upgrade Infrastructure AND Sustainable
SDG 9,Value Chain Management
SDG 10,SDG 10
SDG 10,Affordable Housing
SDG 10,Ageism
SDG 10,Bilateral Foreign Direct Investment
SDG 10,Bilateral Investment Treaties
SDG 10,Corporate Social Responsibility
SDG 10,Economic Inequality
SDG 10,Equal Opportunities
SDG 10,Female Genital Mutilation 
SDG 10,Financial Assistance
SDG 10,Foreign Aid
SDG 10,Gender Differences
SDG 10,Gender Equality
SDG 10,Gender Inequality
SDG 10,Health Care Access
SDG 10,Health Disparities
SDG 10,Health Disparity
SDG 10,Health Inequalities
SDG 10,Health Status Disparities
SDG 10,Healthcare Disparities
SDG 10,Homophobia
SDG 10,Homosexuality
SDG 10,Household Income Inequality
SDG 10,Human Rights
SDG 10,Human Rights Law
SDG 10,Human Rights Violations
SDG 10,Income Inequality
SDG 10,International Human Rights
SDG 10,International Human Rights Law
SDG 10,International Human Rights Standards
SDG 10,International Human Rights Treaties
SDG 10,International Humanitarian Law
SDG 10,Intimate Partner Violence
SDG 10,LGBT
SDG 10,Low Socioeconomic
SDG 10,Low Socioeconomic Status
SDG 10,Official Development Assistance
SDG 10,Preferential Trade Agreements
SDG 10,Racism
SDG 10,Sex Difference
SDG 10,Sexism
SDG 10,Sexual Minority
SDG 10,Social Class
SDG 10,Social Discrimination
SDG 10,Social Dominance Orientation
SDG 10,Social Economic
SDG 10,Social Exclusion
SDG 10,Social Inclusion
SDG 10,Social Inequality
SDG 10,Social Isolation
SDG 10,Social Justice
SDG 10,Social Policy
SDG 10,Social Protection
SDG 10,Social Security
SDG 10,Social Stigma
SDG 10,Social Support
SDG 10,Social Welfare
SDG 10,Socioeconomic Inequality
SDG 10,Socioeconomic Position
SDG 10,Socioeconomic Status
SDG 10,Universal Health Coverage
SDG 10,Ambivalent Sexism
SDG 10,Ambivalent Sexism Theory
SDG 10,Benevolent Sexism
SDG 10,Developing AND Duty-Free Access
SDG 10,Developing AND Tariff
SDG 10,Developing AND Zero-Tariff
SDG 10,Developing Countries AND Zero-Tariff
SDG 10,Development Assistance
SDG 10,Development Gap
SDG 10,Discriminatory Law*
SDG 10,Discriminatory Policy
SDG 10,Discriminatory Practices
SDG 10,Economic Empowerment
SDG 10,Economic Inclusion
SDG 10,Economic Marginali?Ation
SDG 10,Economic Reform Policy
SDG 10,Economic Transformation
SDG 10,Emigration AND Immigration
SDG 10,Emigration AND NOT Biodiversity
SDG 10,Emigration AND NOT Chemistry
SDG 10,Emigration AND NOT Disease
SDG 10,Equal Opportunity
SDG 10,Equality AND Economic
SDG 10,Equality AND Financial
SDG 10,Equality AND Socio-Economic
SDG 10,Ethnic Minority
SDG 10,Feminism
SDG 10,Financial Soundness Indicators
SDG 10,Fiscal  Protection Policies
SDG 10,Foreign Direct Investment
SDG 10,Foreign Direct Investment 
SDG 10,Foreign Investment
SDG 10,Global Market AND Empowerment
SDG 10,Growth AND Household Expenditure
SDG 10,Health Care Disparity
SDG 10,Hostile Sexism
SDG 10,Human Dignity
SDG 10,Human Rights Abuse
SDG 10,Immigration AND NOT Biodiversity
SDG 10,Immigration AND NOT Chemistry
SDG 10,Immigration AND NOT Disease
SDG 10,Income Growth
SDG 10,Indigenous AND *Equali*
SDG 10,Indigenous People AND *Equali*
SDG 10,Inequality AND Economic
SDG 10,Inequality AND Financial
SDG 10,Inequality AND Socio-Economic
SDG 10,Intimate Partner Violence 
SDG 10,Labour Share
SDG 10,Least Developed Countries AND Zero-Tariff
SDG 10,Migrant Remittance
SDG 10,Migrant Remittances
SDG 10,Migration Policies
SDG 10,Migration Policy
SDG 10,North-South Divide
SDG 10,Official Development Assistance
SDG 10,Political Inclusion
SDG 10,Reduce Inequalities
SDG 10,Remittance Corridors
SDG 10,Remittance Costs
SDG 10,Responsible Migration
SDG 10,Social Dominance
SDG 10,Social Dominance Orientation 
SDG 10,Social Protection Policy
SDG 10,Social Responsibility
SDG 10,Socioeconomic Deprivation
SDG 10,Wage Protection Policies
SDG 11,SDG 11
SDG 11,Air Pollutant
SDG 11,Air Pollution
SDG 11,Air Pollution AND Particulate Matter
SDG 11,Air Pollution AND Public Health
SDG 11,Air Pollution AND Urban Areas
SDG 11,Air Pollution Control Measures
SDG 11,Air Pollution Exposure
SDG 11,Air Pollution Exposure
SDG 11,Air Pollution Index
SDG 11,Air Pollution Levels
SDG 11,Air Pollution Levels
SDG 11,Air Pollution Monitoring
SDG 11,Air Quality
SDG 11,Air Quality AND Human Health
SDG 11,Air Quality AND Urban Areas
SDG 11,Air Quality Index
SDG 11,Air Quality Management
SDG 11,Air Quality Model
SDG 11,Air Quality Monitoring
SDG 11,Air Quality Monitoring Network
SDG 11,Air Quality Monitoring Station
SDG 11,Ambient Air
SDG 11,Ambient Air Pollution
SDG 11,Ambient Air Quality
SDG 11,Ambient Air Quality Monitoring
SDG 11,Ambient Fine Particulate Matter
SDG 11,Atmospheric Pollution
SDG 11,Bus Rapid Transit
SDG 11,City Planning
SDG 11,Cultural Heritage
SDG 11,Disaster Risk Reduction
SDG 11,Fine Particulate Matter
SDG 11,Green Space
SDG 11,Greenhouse Gas Emissions
SDG 11,Health Effects AND Air Pollution
SDG 11,Indoor Air Quality
SDG 11,Intelligent Transportation System
SDG 11,Local Air Quality
SDG 11,Multiscale Air Quality Model
SDG 11,Municipal Solid Waste
SDG 11,Municipal Solid Waste Generation
SDG 11,Municipal Solid Waste Incineration
SDG 11,Municipal Solid Waste Landfill
SDG 11,Municipal Solid Waste Management
SDG 11,Municipal Solid Wastes
SDG 11,Municipal Wastewater
SDG 11,Municipal Wastewater Treatment
SDG 11,Municipal Wastewater Treatment Plant
SDG 11,National Ambient Air Quality Standards
SDG 11,Organic Fraction of Municipal Solid Waste
SDG 11,Particulate Matter
SDG 11,Particulate Matter AND Aerodynamic Diameter
SDG 11,PM10
SDG 11,PM2.5
SDG 11,Public Transport
SDG 11,Public Transport System
SDG 11,Regional Air Quality
SDG 11,Smart City
SDG 11,Smart City Concept
SDG 11,Smart City Development
SDG 11,Smart City Services
SDG 11,Solid Waste Incineration
SDG 11,Solid Waste Management
SDG 11,Solid Waste Management System
SDG 11,Sustainable City
SDG 11,Sustainable City
SDG 11,Sustainable Urban Development
SDG 11,Sustainable Urban Planning
SDG 11,The Sendai Framework for Disaster Risk Reduction
SDG 11,Total Suspended Solids
SDG 11,Traffic Congestion AND Air Pollution
SDG 11,Transportation System
SDG 11,Urban Air Pollution
SDG 11,Urban Air Quality
SDG 11,Urban Development
SDG 11,Urban Environment
SDG 11,Urban Green Spaces
SDG 11,Urban Planning
SDG 11,Urban Planning Development
SDG 11,Urban Planning Management
SDG 11,Urban Policy
SDG 11,Urban Public Transport
SDG 11,Urban Sustainability
SDG 11,Urban Traffic
SDG 11,Urban Transport
SDG 11,Urbanization
SDG 11,Volatile Organic Compound
SDG 11,Waste Incineration
SDG 11,Waste Management
SDG 11,Waste Management System
SDG 11,Waste Treatment
SDG 11,Waste Water
SDG 11,Wastewater Treatment
SDG 11,Wastewater Treatment Plant
SDG 11,Water Pollutant
SDG 11,Accessibility AND Public Transport
SDG 11,Activated Sludge
SDG 11,Aerosol Optical Thickness
SDG 11,Affordable Housing
SDG 11,Air Pollution Model
SDG 11,Basic Service
SDG 11,Black Carbon
SDG 11,Building Design
SDG 11,Circular Economy
SDG 11,Citizen Participation
SDG 11,Collaborative Planning
SDG 11,Congestion
SDG 11,Development Planning
SDG 11,Disaster
SDG 11,Disaster Management
SDG 11,Disaster Risk Management
SDG 11,Disaster Risk Reduction Strategies
SDG 11,Disaster Strategy
SDG 11,Ecological Footprint
SDG 11,Environmental Footprint
SDG 11,Gentrification
SDG 11,Governance
SDG 11,Green Spaces
SDG 11,Housing
SDG 11,Human Settlements
SDG 11,Inadequate Housing
SDG 11,Inclusive Urbanization
SDG 11,Inclusiveness
SDG 11,Informal Settlements
SDG 11,Land Consumption AND Population Growth
SDG 11,Local Air Pollution
SDG 11,Local Fiscal Space
SDG 11,Low Impact Urban Design Development
SDG 11,Membrane Bioreactor
SDG 11,Moving Bed Biofilm Reactor
SDG 11,Municipal Solid Waste
SDG 11,Natural Heritage
SDG 11,Nature Inclusive
SDG 11,Nature Inclusive Building
SDG 11,Participatory Planning
SDG 11,Pollutant*
SDG 11,Pollution
SDG 11,Public Space
SDG 11,Public Spaces
SDG 11,Public Transit
SDG 11,Public Transport Users
SDG 11,Recycling
SDG 11,Residential Areas
SDG 11,Residential Development
SDG 11,Resilient Building
SDG 11,Resilient Buildings
SDG 11,Resource Efficiency
SDG 11,Sendai Framework
SDG 11,Slum
SDG 11,Slum*
SDG 11,Slums
SDG 11,Solid Waste
SDG 11,Sustainable Building
SDG 11,Sustainable Urbanisation
SDG 11,Territorial Development
SDG 11,Total Municipal Waste
SDG 11,Total Solids
SDG 11,Town Planning
SDG 11,Transport Systems
SDG 11,Transportation
SDG 11,Unesco
SDG 11,Urban Air
SDG 11,Urban Design
SDG 11,Urban Growth
SDG 11,Urban Housing
SDG 11,Urban Morphology
SDG 11,Urban Policies
SDG 11,Urban Transportation
SDG 11,Urbani?Ation
SDG 11,Waste
SDG 11,Waste Water Management
SDG 11,Wastewater Treatment Plants
SDG 11,Zero Energy Building
SDG 12,SDG 12
SDG 12,Anaerobic Digestion
SDG 12,Biochemical Methane Potential
SDG 12,Building Energy Efficiency
SDG 12,Circular Economy
SDG 12,Circular Economy 
SDG 12,Combined Heat and Power
SDG 12,Education for Sustainable Development
SDG 12,Energy Efficiency Buildings
SDG 12,Energy Saving
SDG 12,Environmental Impact Assessment
SDG 12,Environmental Impact Categories
SDG 12,Environmental Life Cycle Assessment
SDG 12,Environmental Policy
SDG 12,Environmental Technology
SDG 12,Food Waste
SDG 12,Green Supply Chain Management
SDG 12,Hazardous Chemicals
SDG 12,Hazardous Waste
SDG 12,Hazardous Waste Management
SDG 12,Heavy Metal AND Pollut*
SDG 12,Heavy Metal Pollution
SDG 12,Household Food Waste
SDG 12,Hydraulic Retention Time
SDG 12,Industrial Waste
SDG 12,Integrated Solid Waste Management
SDG 12,Life Cycle Energy Analysis
SDG 12,Life Cycle Impact Assessment
SDG 12,Low Carbon Economy
SDG 12,Lowcarbon Economy
SDG 12,Material Flow Analysis
SDG 12,Municipal Solid Waste
SDG 12,Municipal Solid Waste
SDG 12,Municipal Solid Waste Generation
SDG 12,Municipal Solid Waste Incineration
SDG 12,Municipal Solid Waste Management
SDG 12,Municipal Wastewater Treatment
SDG 12,Municipal Wastewater Treatment Plant
SDG 12,Organic Fraction of Municipal Solid Waste
SDG 12,Persistent Organic Pollutants
SDG 12,Phase Change Materials
SDG 12,Potential Environmental Impacts
SDG 12,Power Conversion Efficiency
SDG 12,Renewable Energy Technologies
SDG 12,Sewage Sludge
SDG 12,Solid Waste
SDG 12,Solid Waste Disposal
SDG 12,Solid Waste Generation
SDG 12,Solid Waste Incineration
SDG 12,Solid Waste Management
SDG 12,Solid Waste Management System
SDG 12,Sustainable AND {Production AND Consumption}
SDG 12,Sustainable Consumption
SDG 12,Sustainable Consumption Production
SDG 12,Sustainable Production
SDG 12,Sustainable Supply Chain
SDG 12,Sustainable Tourism
SDG 12,Sustainable Tourism Development
SDG 12,The Resource Conservation Recovery Act
SDG 12,Volatile Fatty Acid
SDG 12,Waste Management
SDG 12,Waste Management System
SDG 12,Waste Recycling
SDG 12,Waste Treatment
SDG 12,Wastewater Treatment
SDG 12,Wastewater Treatment Plant 
SDG 12,Water Pollutants AND Chemical
SDG 12,Biobased Economy
SDG 12,Building Energy Management
SDG 12,Chemical Pollution
SDG 12,Consumer Behaviour
SDG 12,Consumption AND Resource Use
SDG 12,Consumption AND Spill
SDG 12,Corporate Social Responsibility
SDG 12,Corporate Sustainability
SDG 12,Cradle to Cradle
SDG 12,Decarbonisation
SDG 12,Domestic Material Consumption
SDG 12,Efficient Use AND Natural Resources
SDG 12,Efficient Use of Resources
SDG 12,Energy Conservation
SDG 12,Energy Efficiency
SDG 12,Energy Efficient
SDG 12,Energy Management
SDG 12,Energy Management Systems
SDG 12,Energy Saving
SDG 12,Energy Utilization
SDG 12,Environmental Footprint
SDG 12,Environmental Pollution
SDG 12,Food Loss
SDG 12,Food Loss Index
SDG 12,Food Spill
SDG 12,Food Waste Index
SDG 12,Fossil Fuel Subsidies
SDG 12,Fossil-Fuel Expenditure
SDG 12,Fossil-Fuel Subsidies
SDG 12,Global Citizenship Education
SDG 12,Global Food Waste
SDG 12,Global Resource Extraction
SDG 12,Green Computing
SDG 12,Green Consumption
SDG 12,Harvest Efficiency
SDG 12,Harvest Losses
SDG 12,Hazardous Chemical
SDG 12,Hazardous Waste AND Treatment
SDG 12,Heavy Metals AND Pollut*
SDG 12,Life Cycle Analysis
SDG 12,Life Cycle Assessment
SDG 12,Low Carbon Economy
SDG 12,Low Power Consumption
SDG 12,Market Distortions
SDG 12,Material Flow Accounting
SDG 12,Material Footprint
SDG 12,Monitoring Sustainable Development
SDG 12,Multilateral Environmental Agreements
SDG 12,National Recycling Rate
SDG 12,Overconsumption
SDG 12,Ozone Depletion
SDG 12,Pesticide Pollution
SDG 12,Pesticide Reduction
SDG 12,Pesticide Stress
SDG 12,Phase Change Material
SDG 12,Post-Harvest Losses
SDG 12,Production AND Resource Use
SDG 12,Production AND Spill
SDG 12,Public Procurement AND Sustainable
SDG 12,Reduce Waste Generation
SDG 12,Renewable Energy-Generating
SDG 12,Resource Efficiency
SDG 12,Resource Recycling
SDG 12,Resource Reuse
SDG 12,Resource Spill
SDG 12,Responsible Production Chains
SDG 12,Societal Metabolism
SDG 12,Sustainability Label
SDG 12,Sustainable Consumption Patterns
SDG 12,Sustainable Development AND Education
SDG 12,Sustainable Food Consumption
SDG 12,Sustainable Management
SDG 12,Sustainable Practices
SDG 12,Sustainable Procurement
SDG 12,Sustainable Production Patterns
SDG 12,Sustainable Public Procurement
SDG 12,Sustainable Public Procurement Policies
SDG 12,Sustainable Resource Use
SDG 12,The 10-Year Framework of Programmes on Sustainable Consumption and Production Patterns
SDG 12,The Organic Fraction of Municipal Solid Waste
SDG 12,Toxic Chemical
SDG 12,Waste Generation
SDG 12,Wasteful Consumption
SDG 12,Water Pollution
SDG 12,Zero Waste
SDG 13,SDG 13
SDG 13,Anthropogenic Climate
SDG 13,Anthropogenic Climate Change
SDG 13,Anthropogenic Greenhouse Gas
SDG 13,Anthropogenic Greenhouse Gas Emissions
SDG 13,Atmospheric Carbon Dioxide
SDG 13,Carbon Capture
SDG 13,Carbon Emissions
SDG 13,Carbon Footprint
SDG 13,Change Adaptation Strategies
SDG 13,Clean Development Mechanism
SDG 13,Climate AND Natural Disaster*
SDG 13,Climate Change
SDG 13,Climate Change Adaptation
SDG 13,Climate Change Adaptation Measures
SDG 13,Climate Change Adaptation Planning
SDG 13,Climate Change Adaptation Policy
SDG 13,Climate Change Adaptation Strategy
SDG 13,Climate Change Impact
SDG 13,Climate Change Mitigation
SDG 13,Climate Change Mitigation Policy
SDG 13,Climate Change Mitigation Strategies
SDG 13,Climate Change Policy
SDG 13,Climate Change Risk
SDG 13,Climate Forcing
SDG 13,Climate Impacts
SDG 13,Climate Mitigation
SDG 13,Climate Policy
SDG 13,Climate Variability
SDG 13,Disaster Risk Reduction
SDG 13,El Niño
SDG 13,El Niño Southern Oscillation
SDG 13,Extreme Weather
SDG 13,Global Climate Model
SDG 13,Global Temperature
SDG 13,Global Warming
SDG 13,Global Warming Potential
SDG 13,Greenhouse Gas
SDG 13,Greenhouse Gas Emission
SDG 13,IPCC
SDG 13,Nitrous Oxide Emissions
SDG 13,Regional Climate Model
SDG 13,Regional Climate Model 
SDG 13,Sea Ice Loss
SDG 13,Sea Level
SDG 13,Sea Level Change
SDG 13,Sea Level Rise
SDG 13,Sea Level Rise
SDG 13,The Kyoto Protocol
SDG 13,The Paris Agreement
SDG 13,Acclimatization Thermal Strain Index
SDG 13,Acidification AND Seawater
SDG 13,Antarctic Cold Reversal
SDG 13,Average Global Temperature
SDG 13,Carbon Dioxide Emissions
SDG 13,Climate Action
SDG 13,Climate Adaptation
SDG 13,Climate AND Adaptive Management
SDG 13,Climate AND Anthropocene
SDG 13,Climate AND Atmospher*
SDG 13,Climate AND Awareness
SDG 13,Climate AND Bioeconomy
SDG 13,Climate AND Carbon
SDG 13,Climate AND Clean Development Mechanism
SDG 13,Climate AND Consumption
SDG 13,Climate AND Decision-Making
SDG 13,Climate AND Disaster Risk Reduction
SDG 13,Climate AND Emission*
SDG 13,Climate AND Energy Conservation
SDG 13,Climate AND Environmental Education
SDG 13,Climate AND Extreme
SDG 13,Climate AND Food Chain
SDG 13,Climate AND Framework
SDG 13,Climate AND Glacier Retreat
SDG 13,Climate AND Greenhouse
SDG 13,Climate AND Hazard*
SDG 13,Climate AND Ice-Ocean Interaction
SDG 13,Climate AND Island*
SDG 13,Climate AND Land Use
SDG 13,Climate AND Megacit*
SDG 13,Climate AND Nitrogen Cycle
SDG 13,Climate AND Ocean Acidification
SDG 13,Climate AND Ozone
SDG 13,Climate and Politics
SDG 13,Climate AND Production
SDG 13,Climate AND Radiative Forcing
SDG 13,Climate AND Sea Ice
SDG 13,Climate AND Sea Level
SDG 13,Climate AND Small Island Developing States
SDG 13,Climate AND Sustainable Development Education
SDG 13,Climate AND Thermal Expansion
SDG 13,Climate AND UNFCCC
SDG 13,Climate AND Warming
SDG 13,Climate Capitalism
SDG 13,Climate Change
SDG 13,Climate Change AND Adaptation
SDG 13,Climate Change AND Early Warning
SDG 13,Climate Change AND Impact Reduction
SDG 13,Climate Change AND Management
SDG 13,Climate Change AND Mitigation
SDG 13,Climate Change AND Planning
SDG 13,Climate Change Effects
SDG 13,Climate Change Financing
SDG 13,Climate Change Management
SDG 13,Climate Change Planning
SDG 13,Climate Change Scenarios
SDG 13,Climate Early Warning
SDG 13,Climate Effect
SDG 13,Climate Equity
SDG 13,Climate Feedback
SDG 13,Climate Finance
SDG 13,Climate Governance
SDG 13,Climate Hazards
SDG 13,Climate Impact
SDG 13,Climate Investment
SDG 13,Climate Justice
SDG 13,Climate Model
SDG 13,Climate Models
SDG 13,Climate Prediction
SDG 13,Climate Related Hazards
SDG 13,Climate Risk
SDG 13,Climate Service
SDG 13,Climate Signal
SDG 13,Climate Tipping Point
SDG 13,Climate Variation
SDG 13,Climate Warming
SDG 13,CO2 Capture
SDG 13,COP 21
SDG 13,COP 22
SDG 13,Disaster Risk Reduction Strategies
SDG 13,Ecoclimatology
SDG 13,Extreme Weather Events
SDG 13,Global Temperature
SDG 13,Green Climate Fund
SDG 13,Greenhouse Gas Emissions
SDG 13,Ice Loss
SDG 13,Indian Ocean Dipole
SDG 13,Interdecadal Pacific Oscillation
SDG 13,La Niã
SDG 13,Marine Isotope Stage
SDG 13,Ocean Warming
SDG 13,Regional Climate
SDG 13,Sea Surface Temperature
SDG 13,Southern Oscillation Index
SDG 13,The Sendai Framework for Disaster Risk Reduction 2015–2030
SDG 13,The United Nations Framework Convention on Climate Change
SDG 13,Urban Climate
SDG 14,SDG 14
SDG 14,*Forest*
SDG 14,Aquatic Ecosystems
SDG 14,Aquatic Food Webs
SDG 14,Baltic Sea Action Plan
SDG 14,Coastal Environment
SDG 14,Coastal Habitat
SDG 14,Coastal Management
SDG 14,Coastal Marine Ecosystems
SDG 14,Common Fisheries Policy
SDG 14,Convention for The Conservation of Antarctic Marine Living Resources
SDG 14,Coral Bleach
SDG 14,Coral Reef
SDG 14,Coral Reef Ecosystem
SDG 14,Coral Reef Fish
SDG 14,Ecosystem-Based Fisheries Management
SDG 14,Exclusive Economic Zone
SDG 14,Fish Populations
SDG 14,Fish Species
SDG 14,Fish Stocks
SDG 14,Fisheries Management
SDG 14,Fishery Management
SDG 14,Fishing Effort
SDG 14,Fishing Pressure
SDG 14,Great Barrier Reef
SDG 14,Harmful Algal Bloom
SDG 14,Integrated Coastal Zone Management
SDG 14,Integrated Multi-Trophic Aquaculture
SDG 14,Large Marine Ecosystem
SDG 14,Marine
SDG 14,Marine Ecosystem
SDG 14,Marine Environment
SDG 14,Marine Fish
SDG 14,Marine Food Web
SDG 14,Marine Habitats
SDG 14,Marine Life
SDG 14,Marine Mammals
SDG 14,Marine Organisms
SDG 14,Marine Protected Area
SDG 14,Marine Protected Area
SDG 14,Marine Resource Management
SDG 14,Marine Spatial Planning
SDG 14,Marine Species
SDG 14,Marine Stewardship Council
SDG 14,No-Take Marine Protected Area
SDG 14,No-Take Marine Reserve
SDG 14,Ocean Acidification
SDG 14,Ocean Acidification
SDG 14,Plastic Debris
SDG 14,Regional Fisheries Management Organizations
SDG 14,Seagrass Bed
SDG 14,Species Richness
SDG 14,The Marine Strategy Framework Directive
SDG 14,Total Allowable Catch
SDG 14,United Nations Convention on The Law of The Sea
SDG 14,Aquaculture
SDG 14,Artisanal Fishers
SDG 14,Biogeochemical Cycle
SDG 14,Coastal Areas
SDG 14,Coastal Biodiversity
SDG 14,Coastal Ecosystem
SDG 14,Coastal Ecosystems
SDG 14,Coastal Ecotourism
SDG 14,Coastal Eutrophication
SDG 14,Coastal Habitats
SDG 14,Community Based Conservation
SDG 14,Coral Bleaching
SDG 14,Coral Reef
SDG 14,Coral Reef System
SDG 14,Coral Triangle Region
SDG 14,Destructive Fishing
SDG 14,Ecological Marine Units
SDG 14,Ecosystem-Based AND Marine Areas
SDG 14,Ecotourism
SDG 14,Eutrophicat*
SDG 14,Fish Stocks AND Fisheries Management
SDG 14,Fisheries
SDG 14,Fisheries Rights
SDG 14,Fisheries Subsidies
SDG 14,Fishery
SDG 14,Fishing Practices
SDG 14,Hauraki Gulf Marine Park
SDG 14,Healthy Oceans
SDG 14,Ice-Ocean
SDG 14,Illegal Fishing
SDG 14,Intergovernmental Oceanographic Commission Criteria and Guidelines on the Transfer of Marine Technology
SDG 14,Kelp
SDG 14,Law of the Sea
SDG 14,Local Fisheries
SDG 14,Marine Acidity
SDG 14,Marine Areas
SDG 14,Marine Biodiversity
SDG 14,Marine Conservation
SDG 14,Marine Debris
SDG 14,Marine Economy
SDG 14,Marine Ecosystems
SDG 14,Marine Fisheries
SDG 14,Marine Herbivorous Fish
SDG 14,Marine Invertebrate
SDG 14,Marine Land Slide
SDG 14,Marine Natural Product
SDG 14,Marine Parks
SDG 14,Marine Pollution
SDG 14,Marine Quota
SDG 14,Marine Reserve
SDG 14,Marine Resources
SDG 14,Marine Technology
SDG 14,Nutrient Pollution
SDG 14,Nutrient Runoff
SDG 14,Ocean Biogeographic Information System
SDG 14,Oceanic Circulation Model
SDG 14,Okakari Point Marine Reserve
SDG 14,Overfishing
SDG 14,"Overfishing, Illegal, Unreported and Unregulated Fishing"
SDG 14,Plastic Density Debris
SDG 14,Productive Oceans
SDG 14,Sea Grasses
SDG 14,Small Island Development States
SDG 14,Small-Scale Artisanal Fishers
SDG 14,Small-Scale Fisheries
SDG 14,Sustainable Fisheries
SDG 14,Sustainable Yield
SDG 14,Traditional Ecological Knowledge
SDG 14,Unregulated Fishing
SDG 14,Water Cycle
SDG 15,SDG 15
SDG 15,Biodiversity
SDG 15,Biodiversity Loss
SDG 15,Biodiversity Loss
SDG 15,Biological Diversity
SDG 15,Corine Land Cover
SDG 15,Deforest*
SDG 15,Deforest*
SDG 15,Desertif*
SDG 15,Desertif*
SDG 15,Dry Season
SDG 15,Dryland*
SDG 15,Dryland*
SDG 15,Earth System Model
SDG 15,Ecosystem Function
SDG 15,Ecosystem Service
SDG 15,Ecosystem*
SDG 15,Endangered Species
SDG 15,Endangered Species Act
SDG 15,Enhanced Vegetation Index
SDG 15,Environmental Change
SDG 15,Environmental Factor
SDG 15,Environmental Impact
SDG 15,Eu Water Framework Directive
SDG 15,Fire-Fallow Cultivation
SDG 15,Forest Cover
SDG 15,Forest Degradation
SDG 15,Forest Ecosystem
SDG 15,Forest Management
SDG 15,Gross Primary Production
SDG 15,Habitat Fragmentation
SDG 15,Invasive Species
SDG 15,Iucn Red List
SDG 15,Land Cover Change
SDG 15,Land Cover Type
SDG 15,Land Data Assimilation System
SDG 15,Land Degradation
SDG 15,Land Degradation Neutrality
SDG 15,Land Management
SDG 15,Land Use and Land Cover
SDG 15,Land Use/Land Cover Change
SDG 15,Leaf Area Index
SDG 15,Low Impact Development
SDG 15,Mountain*
SDG 15,Native Species
SDG 15,Natural Vegetation
SDG 15,Net Ecosystem Exchange
SDG 15,Net Ecosystem Productivity
SDG 15,Normalized Difference Vegetation Index 
SDG 15,Palmer Drought Severity Index
SDG 15,Plant Functional Types
SDG 15,Plant Species
SDG 15,Plant Species Richness
SDG 15,Protected Area
SDG 15,Revised Universal Soil Loss Equation
SDG 15,Soil & Water Assessment Tool
SDG 15,Soil and Water Assessment Tool
SDG 15,Soil Degradation
SDG 15,Soil Erosion
SDG 15,Soil Quality
SDG 15,Soil Quality Index
SDG 15,Soil Water Content
SDG 15,Species Distribution
SDG 15,Species Diversity
SDG 15,Species Richness
SDG 15,Terrestrial Ecosystem
SDG 15,Terrestrial Water Storage
SDG 15,Threatened Species
SDG 15,Topographic Wetness Index
SDG 15,Trophic Web
SDG 15,Tropical Forests
SDG 15,Tropical Rainfall Measuring Mission
SDG 15,Universal Soil Loss Equation
SDG 15,Vegetation Types
SDG 15,Wastewater Treatment Plants
SDG 15,Wetland
SDG 15,Wetland Ecosystem
SDG 15,Wetland*
SDG 15,Wetlands
SDG 15,Yellow River Delta
SDG 15,Afforestation
SDG 15,Aichi Biodiversity Target 2
SDG 15,Biodiversity-Inclusive
SDG 15,Bioeconom*
SDG 15,Biological Indicators
SDG 15,Biological Invasion
SDG 15,Biological Production
SDG 15,Community Based Conservation
SDG 15,Degrad* AND Natural Habitats
SDG 15,Degraded Forests
SDG 15,Degraded Land
SDG 15,Degraded Soil
SDG 15,Drought
SDG 15,Earth System
SDG 15,Ecological Health
SDG 15,Ecological Resilience
SDG 15,Ecosystem Health
SDG 15,Ecosystem Protection
SDG 15,Ecosystem Restoration
SDG 15,Ecotourism
SDG 15,Environmental Degradation
SDG 15,Environmental Management
SDG 15,Environmental Stress
SDG 15,Estuarine Ecosystems
SDG 15,Exotic Species
SDG 15,Extinct Species
SDG 15,Extinction Risk
SDG 15,Extinction Wave
SDG 15,Forest Auditing
SDG 15,Forest Certification
SDG 15,Forest Cover Change
SDG 15,Forest Stewardship Council
SDG 15,Freshwater Biodiversity
SDG 15,Freshwater Ecosystems
SDG 15,Freshwater Species
SDG 15,Genetic Resources
SDG 15,Habitat Loss
SDG 15,Habitat Restoration
SDG 15,Human-Wildlife Conflict
SDG 15,Illegal Logging
SDG 15,Illegal Wildlife Products
SDG 15,Inland Freshwater Ecosystems
SDG 15,Invasive Alien Species
SDG 15,Invasive Plant Species
SDG 15,Invasive Species
SDG 15,Land Conservation
SDG 15,Land Cover
SDG 15,Land Loss
SDG 15,Land Restoration
SDG 15,Land Use
SDG 15,Land Use Change
SDG 15,Local Environmental Factors
SDG 15,Low Impact Urban Design and Development
SDG 15,LULUCF
SDG 15,Mountain Biodiversity
SDG 15,Mountain Ecosystems
SDG 15,Mountain Green Cover Index
SDG 15,Mountain Vegetation
SDG 15,Mountainous Cover
SDG 15,Nagoya Protocol on Access to Genetic Resources
SDG 15,National Nature Reserve
SDG 15,Native Forest
SDG 15,Naturalized Species Richness
SDG 15,Official Development Assistance AND Conservation OR Biodiversity
SDG 15,Poach*
SDG 15,Poach* AND Protected Species
SDG 15,Priority Species
SDG 15,Protected Fauna
SDG 15,Protected Flora
SDG 15,Protected Species
SDG 15,Rainforest Lliance
SDG 15,Red List Index
SDG 15,Red List Species
SDG 15,REDD
SDG 15,Reforestation
SDG 15,Riparian Vegetation
SDG 15,Riparian Zone Management
SDG 15,Silviculture
SDG 15,Slash-and-Burn
SDG 15,Soil Restoration
SDG 15,Strategic Plan for Biodiversity 2011–2020
SDG 15,Stream Ecosystem Health
SDG 15,Sustainable Land Management
SDG 15,Swamp Forest
SDG 15,System of Environmental-Economic Accounting
SDG 15,Terrestrial Biodiversity
SDG 15,Terrestrial Ecosystems
SDG 15,Terrestrial Freshwater Ecosystems
SDG 15,Terrestrial Species
SDG 15,Threatened Native Species
SDG 15,Timber Harvest
SDG 15,Traffick* AND Protected Species
SDG 15,Tree Cover
SDG 15,Trophic Cascade
SDG 15,Trophic Level
SDG 15,Vegetation Communities
SDG 15,Vegetation Cover
SDG 15,Water Sensitive Design
SDG 15,Wildlife Market
SDG 15,Wildlife Product
SDG 15,Wildlife Traffic
SDG 16,SDG 16
SDG 16,Child Abuse
SDG 16,Childhood Sexual Abuse
SDG 16,Childhood Trauma Questionnaire
SDG 16,Crime
SDG 16,Crime
SDG 16,Crimes AND Humanity
SDG 16,Criminal Activity
SDG 16,Criminal Justice
SDG 16,Criminal Justice System
SDG 16,Criminal Justice System
SDG 16,Criminal Law
SDG 16,Domestic Violence
SDG 16,Human Rights
SDG 16,Human Rights Abuses
SDG 16,Human Rights AND Fundamental Freedoms
SDG 16,Human Rights Violations
SDG 16,Human Trafficking
SDG 16,International Human Rights Law
SDG 16,International Humanitarian Law
SDG 16,Intimate Partner Violence
SDG 16,Organized Crime
SDG 16,Physical Abuse
SDG 16,Physical Abuse AND Sexual Abuse
SDG 16,Physical Violence
SDG 16,Physical Violence AND Sexual Violence
SDG 16,Sexual Abuse
SDG 16,Sexual Assault
SDG 16,Sexual Crime
SDG 16,Sexual Violence
SDG 16,Terrorism
SDG 16,Terrorist Attack
SDG 16,Terrorist Attacks
SDG 16,Transnational Organized Crime
SDG 16,Violent Crime
SDG 16,War Crimes
SDG 16,(Physical OR Sexual) AND Abuse
SDG 16,Aarhus Convention
SDG 16,Accountable Institution
SDG 16,Accountable Institutions
SDG 16,Actual Innocence
SDG 16,Arbitrary Detention
SDG 16,Arbitrary Justice
SDG 16,Armed Conflict
SDG 16,Arms Flow
SDG 16,Arms Trafficking
SDG 16,Birth Registration
SDG 16,Bribery
SDG 16,Civil Conflict
SDG 16,Combat Crime
SDG 16,Combat Terrorism
SDG 16,Conflict-Related Deaths
SDG 16,Bribery
SDG 16,Conflict
SDG 16,Corruption 
SDG 16,Corruption AND Institution
SDG 16,Corruption AND Public Official
SDG 16,Criminal Tribunal
SDG 16,Cybercrime
SDG 16,DemocratizAtion
SDG 16,Democratiztion AND Decision-Making
SDG 16,Democrati?Ation AND Financial Aid
SDG 16,Democrati?Ation AND Institutional
SDG 16,Democrati?Ation AND Politics
SDG 16,Democrati?Ation AND Society
SDG 16,Democratic Deficit
SDG 16,Democratic Institution
SDG 16,Effective Institution
SDG 16,Effective Rule of Law
SDG 16,Ethnic Conflict
SDG 16,Exoneration
SDG 16,Extremism War Crime
SDG 16,Fair Society
SDG 16,False Confession
SDG 16,Family Violence
SDG 16,Formal Dispute Resolution
SDG 16,Freedom of Information
SDG 16,Freedom of Speech
SDG 16,Fundamental Freedom
SDG 16,Genocid*
SDG 16,Good Governance
SDG 16,Homicid*
SDG 16,Human Rights Activists
SDG 16,Human Rights Institution
SDG 16,Human Rights Institution
SDG 16,Human Rights Law
SDG 16,Illegal Arms
SDG 16,Illicit Arms Flows
SDG 16,Illicit Financial Flows
SDG 16,Illicit Money
SDG 16,Illicit Transfer
SDG 16,Inclusive Institution
SDG 16,Inclusive Institutions
SDG 16,Inclusive Societies
SDG 16,Inclusive Society
SDG 16,Independence of Judiciary
SDG 16,Informal Dispute Resolution
SDG 16,Insurgence
SDG 16,Intentional Homicide
SDG 16,Judicial System
SDG 16,Justice For All
SDG 16,Justice System
SDG 16,Legal Identity For All
SDG 16,Legal Remedy
SDG 16,Murder*
SDG 16,Non-Discriminatory Laws
SDG 16,Paris Principles
SDG 16,Peaceful Societies
SDG 16,Peaceful Society
SDG 16,Policy AND Sustainable Development
SDG 16,Political Decision-Making AND Inclusive
SDG 16,Political Decision-Making AND Participatory
SDG 16,Political Decision-Making AND Representative
SDG 16,Political Decision-Making AND Responsive
SDG 16,Political Instability
SDG 16,Press Freedom
SDG 16,Prevent Violence
SDG 16,Psychological Abuse
SDG 16,Psychological Violence
SDG 16,Refugee*
SDG 16,Responsive Institution
SDG 16,Rule of Law
SDG 16,Separation of Powers
SDG 16,Spouse Abuse
SDG 16,Terroris*
SDG 16,Torture
SDG 16,Torture of Children
SDG 16,Transparent Institution
SDG 16,Unsentenced Detention
SDG 16,Violence
SDG 16,Violence AND Death Rates
SDG 16,Violence Risk
SDG 16,Violent Acts
SDG 16,Violent Conflict
SDG 16,War AND  Democracy
SDG 16,War AND  Geneva Convention
SDG 16,Peace
SDG 16,Peacekeeping
SDG 16,War AND  Treaty
SDG 16,Warfare 
SDG 16,War
SDG 17,SDG 17
SDG 17,Capacity building
SDG 17,Civil society partnerships
SDG 17,Communication technologies
SDG 17,Debt sustainability
SDG 17,Development assistance
SDG 17,Disaggregated data
SDG 17,Doha Development Agenda
SDG 17,Entrepreneurship
SDG 17,Environmentally sound technologies
SDG 17,Foreign direct investments
SDG 17,Fostering innovation
SDG 17,Free trade
SDG 17,Fundamental principles of official statistics
SDG 17,Global partnership
SDG 17,Global partnership for sustainable development
SDG 17,Global stability
SDG 17,International aid
SDG 17,International cooperation
SDG 17,International population and housing census
SDG 17,International support
SDG 17,International support for developing countries
SDG 17,Knowledge sharing
SDG 17,Multi-stakeholder partnerships
SDG 17,Poverty eradication
SDG 17,Public-private partnerships
SDG 17,Science cooperation agreements
SDG 17,Technology cooperation agreements
SDG 17,Technology transfer
SDG 17,Weighted tariff average
SDG 17,Women entrepreneurs
SDG 17,World Trade Organization